,0,1,2,3,4,5,6,7,8,9,10,11,12,13,14,15,16,17,18,19,20,21,22,23,24,25,26,27,28,29,sent
0,0,0,0,0,0,0,0,0,0,33,116,5,58,210,11,50,8,153,4,19,330,19,1,539,540,2,236,185,6,791,0
1,0,0,0,0,0,0,0,0,0,0,0,0,0,0,0,0,0,0,0,0,0,0,0,0,0,0,21,48,53,264,1
2,0,0,0,0,0,0,0,0,0,0,0,0,0,0,0,0,0,0,0,0,0,0,0,0,0,0,16,11,1,406,1
3,0,0,0,0,0,0,0,0,0,0,0,0,0,0,0,0,0,0,0,792,8,83,11,407,541,84,51,793,794,139,0
4,0,0,0,0,0,0,0,0,0,0,0,0,0,0,0,0,0,0,0,0,0,0,0,0,0,0,1,331,5,16,1
5,0,0,0,0,0,0,0,0,0,0,0,0,0,2,22,8,795,1,153,8,68,4,8,408,59,140,8,68,332,141,0
6,0,0,0,0,0,0,0,0,0,49,23,22,211,796,65,211,797,409,97,798,1,799,12,333,800,12,128,38,185,38,0
7,0,0,0,0,0,0,0,0,0,0,0,0,0,0,0,0,0,0,0,0,0,0,49,23,34,265,801,334,22,7,1
8,0,0,0,0,0,0,0,0,0,0,0,0,0,0,0,0,0,0,0,0,0,0,0,802,8,212,2,542,10,85,0
9,0,0,0,0,0,0,0,0,0,0,0,0,0,0,0,0,0,0,0,0,0,0,0,98,6,117,12,85,3,54,0
10,0,0,0,0,0,0,0,0,0,0,0,0,0,0,0,0,0,0,0,0,0,0,0,0,3,1,35,25,5,16,1
11,0,0,0,0,0,0,0,0,0,0,0,0,0,0,0,0,543,17,15,170,69,237,44,1,266,30,8,1,544,30,1
12,0,0,0,0,0,0,0,0,49,1,118,335,803,185,6,804,213,805,2,267,8,545,806,410,3,807,35,44,1,27,0
13,0,0,0,0,0,0,0,0,0,0,0,0,0,0,0,0,0,0,0,0,0,0,0,0,0,0,15,21,25,411,1
14,0,0,0,0,0,0,0,0,0,0,0,0,0,0,0,1,154,5,15,808,31,1,40,336,5,13,15,99,63,36,0
15,0,0,0,0,0,0,0,0,0,0,0,0,0,0,0,0,0,0,0,171,60,11,77,38,412,41,6,337,546,9,1
16,0,0,0,0,0,0,0,0,0,0,0,0,0,0,0,0,0,0,0,0,0,0,0,2,547,413,86,13,55,809,0
17,0,0,0,0,0,0,0,0,0,0,0,0,0,0,0,0,0,0,0,0,0,0,0,0,0,0,33,129,33,21,1
18,0,0,0,0,0,0,0,0,0,0,0,0,0,0,0,0,0,0,0,0,0,0,0,0,0,0,0,0,28,16,1
19,0,0,0,0,0,0,0,0,0,0,0,0,0,4,810,162,338,19,6,210,20,155,23,811,172,142,20,812,42,186,0
20,0,0,0,0,0,0,0,0,0,0,0,0,0,2,214,18,548,549,3,813,36,814,29,106,13,68,4,8,414,143,0
21,0,0,0,0,0,0,0,0,0,0,0,0,0,0,0,0,0,2,100,7,8,37,14,10,815,550,3,339,816,4,1
22,0,0,0,0,0,0,0,0,0,0,0,0,0,0,0,0,0,0,0,0,0,0,0,0,1,817,34,1,215,818,0
23,0,0,0,0,0,0,0,0,0,0,0,0,0,2,22,415,8,551,7,78,30,416,118,340,3,268,269,173,187,270,1
24,0,0,0,0,0,0,0,0,0,0,0,0,0,0,0,0,2,100,4,11,10,819,3,341,26,6,144,14,1,30,0
25,0,0,0,0,0,0,0,0,0,0,0,0,0,0,0,0,0,0,0,0,0,0,0,0,0,16,417,418,9,820,1
26,0,0,0,0,0,0,0,0,0,0,0,52,552,7,9,11,821,174,101,3,87,212,20,32,1,66,553,9,52,26,1
27,0,0,0,0,0,0,0,0,0,0,0,0,0,0,0,0,0,0,0,2,216,163,20,1,342,419,335,271,8,50,0
28,0,0,0,0,0,0,0,0,0,0,0,0,164,156,145,50,188,3,2,26,8,554,70,1,822,3,188,18,1,9,0
29,0,0,0,0,0,0,0,0,0,0,0,0,0,0,0,0,0,0,0,0,0,0,0,0,0,0,0,107,272,130,0
30,0,0,0,0,0,0,0,0,0,0,0,0,0,0,0,0,0,7,5,6,238,189,9,8,37,29,1,823,5,824,0
31,0,0,0,0,0,0,0,0,0,0,0,0,0,0,0,0,0,7,24,5,825,11,164,47,50,826,239,34,15,827,1
32,0,0,0,0,0,0,0,0,0,0,0,0,0,0,0,0,0,0,0,0,4,5,555,19,6,828,93,63,829,830,0
33,0,0,0,0,0,0,0,0,0,0,0,0,0,0,0,0,2,22,118,84,190,343,19,7,831,3,2,344,7,9,0
34,0,0,0,0,0,0,0,0,0,0,0,93,83,31,39,31,832,83,34,420,8,146,273,23,191,551,70,12,833,834,1
35,0,0,0,0,0,0,23,240,63,556,274,835,8,68,8,45,9,557,44,1,54,23,102,275,18,1,836,147,5,837,0
36,0,0,0,0,0,0,0,0,0,0,0,0,0,0,0,0,0,0,0,0,0,0,0,0,4,41,345,59,15,39,1
37,0,0,0,0,0,0,0,0,0,0,0,0,0,0,0,0,0,0,0,0,0,0,0,0,0,0,110,188,54,346,0
38,0,0,0,0,0,0,0,0,0,0,0,0,0,0,0,0,0,0,0,0,1,48,5,16,3,28,131,14,1,838,1
39,0,0,0,0,0,0,0,0,0,0,0,0,0,0,0,0,0,0,0,0,0,0,0,0,0,0,0,0,421,24,0
40,0,0,0,0,0,0,0,0,0,0,0,0,4,41,6,16,148,268,839,3,1,840,34,71,3,149,14,16,241,25,1
41,0,0,0,0,0,0,0,0,0,0,0,0,0,0,0,0,0,0,0,0,0,0,0,2,17,13,170,185,7,24,0
42,0,0,0,0,0,0,0,0,0,0,0,0,0,0,0,0,0,0,0,0,0,0,0,0,0,0,71,27,276,140,1
43,0,0,0,0,0,0,0,0,0,0,0,0,0,0,0,0,0,0,0,0,0,0,0,0,2,72,145,841,11,217,0
44,0,0,0,0,0,0,0,0,0,0,0,0,0,0,0,0,0,0,0,0,0,0,0,0,0,0,0,53,103,27,1
45,0,0,0,0,0,0,0,0,0,0,0,0,0,0,0,0,0,0,0,0,0,0,0,4,41,36,1,422,2,242,1
46,0,0,0,0,0,0,0,0,0,0,0,0,0,0,0,0,0,0,0,0,412,19,192,140,842,5,843,88,7,30,0
47,0,0,0,0,0,0,0,0,0,0,0,0,0,0,0,56,844,14,193,558,1,218,132,219,559,1,157,56,118,173,0
48,0,0,0,0,0,0,0,0,0,0,0,0,0,0,0,0,0,0,0,0,0,0,0,0,0,7,48,347,39,119,1
49,0,0,0,0,0,0,0,0,0,0,0,0,0,0,0,0,0,0,0,0,0,0,0,0,0,0,0,165,14,30,0
50,0,0,0,0,0,0,0,0,0,0,0,0,0,0,0,0,0,0,0,0,13,243,133,3,107,275,18,47,4,348,0
51,0,0,0,0,0,0,0,0,0,0,0,0,0,0,0,0,0,0,0,0,0,21,423,3,61,13,146,9,74,845,1
52,0,0,0,0,0,0,0,0,0,0,0,0,6,846,349,350,560,6,561,162,6,847,848,849,424,12,75,6,850,851,1
53,0,0,0,0,0,0,0,0,0,0,0,0,0,0,0,0,7,9,5,175,277,3,52,191,26,77,562,139,14,4,1
54,0,0,0,0,0,0,0,0,0,0,0,0,0,0,0,0,0,0,0,0,0,0,0,0,0,0,2,79,7,134,1
55,0,0,0,0,0,0,0,0,0,0,0,0,0,0,0,0,0,0,0,176,94,4,5,131,3,852,11,1,57,853,1
56,0,0,0,0,0,0,0,0,0,0,0,0,0,0,0,0,0,0,0,0,0,0,0,0,0,0,0,0,15,165,0
57,0,0,0,0,0,0,0,0,0,0,2,95,218,7,9,162,6,854,3,4,17,855,11,856,425,3,4,120,28,16,1
58,0,0,0,0,0,0,0,2,22,111,15,112,14,1,426,3,22,26,58,857,44,77,38,558,10,35,25,18,192,244,1
59,0,0,0,0,0,0,0,0,0,0,0,0,0,0,0,0,0,0,0,0,0,0,1,194,11,18,3,121,34,122,0
60,0,0,0,0,0,0,0,0,0,0,0,0,0,0,0,0,0,0,0,0,0,0,0,563,23,87,564,858,565,351,0
61,0,0,0,0,0,0,0,0,0,0,0,0,0,0,0,0,0,2,62,60,7,859,220,4,166,15,71,860,3,177,1
62,0,0,0,0,0,0,0,80,245,335,6,16,246,3,2,163,104,34,427,1,66,123,52,119,19,1,186,211,190,428,1
63,0,0,0,0,0,0,0,0,0,0,0,0,0,0,0,0,0,0,0,0,0,0,0,88,6,278,9,29,13,7,0
64,0,0,0,0,0,0,0,0,0,0,0,0,23,22,8,272,1,9,63,6,566,861,11,1,158,567,8,145,23,568,0
65,1,38,221,862,12,1,863,352,5,20,1,194,18,1,157,429,569,20,570,23,864,3,865,866,571,70,56,6,124,425,0
66,0,0,0,0,0,0,0,0,0,0,0,0,0,0,0,0,0,0,0,0,6,279,353,56,2,867,4,4,868,572,0
67,0,0,0,0,0,0,0,0,0,0,0,0,4,280,84,99,51,215,195,96,2,178,573,3,20,222,19,1,210,574,1
68,0,0,0,0,0,0,0,0,0,0,0,0,0,0,0,0,0,0,0,0,0,0,0,0,0,0,16,11,869,74,1
69,0,0,0,0,0,0,0,0,0,0,0,0,0,0,0,0,0,0,0,0,0,0,0,7,135,5,16,19,211,870,1
70,0,0,0,0,0,0,0,0,0,0,0,0,0,0,0,0,0,0,0,0,0,0,0,0,0,0,0,331,107,43,0
71,0,0,0,0,0,0,0,0,0,0,95,19,10,871,274,575,113,5,872,576,2,22,430,873,98,1,158,874,5,577,0
72,0,0,0,0,0,0,0,0,0,0,0,0,0,0,0,0,0,0,0,0,0,0,0,0,0,0,0,0,16,431,1
73,0,0,0,0,0,0,0,0,0,0,0,0,0,0,0,0,0,0,0,0,0,0,0,71,578,579,11,432,65,43,1
74,0,0,0,0,0,0,0,0,0,0,0,0,0,0,0,0,0,0,0,0,0,0,0,0,0,7,5,6,433,9,1
75,0,0,0,0,0,0,0,0,0,0,0,0,0,0,0,0,0,0,0,0,0,0,0,0,0,0,0,79,7,24,1
76,0,0,0,0,0,0,0,0,0,0,0,0,0,0,0,0,0,0,0,0,0,0,86,13,88,11,875,580,11,876,0
77,0,0,0,0,0,0,0,0,0,0,0,0,0,0,0,0,0,0,0,0,0,0,0,0,7,5,6,16,189,89,1
78,0,0,0,0,0,0,0,0,0,0,0,0,0,0,0,0,2,79,7,9,4,5,15,581,3,41,6,179,12,422,1
79,0,0,0,0,0,0,0,0,0,0,0,0,0,0,0,0,0,0,2,354,7,3,247,76,173,4,17,58,434,159,0
80,0,0,0,0,0,0,0,0,0,0,0,0,0,0,0,0,0,0,0,0,2,178,4,877,3,4,355,59,15,39,1
81,0,0,0,0,0,0,0,0,0,0,0,0,0,0,0,0,0,0,0,0,0,0,0,0,0,0,13,6,21,356,0
82,0,0,0,0,0,0,0,0,0,0,0,0,0,0,0,0,0,0,0,0,0,39,435,281,18,54,3,28,31,878,1
83,0,0,0,0,0,0,0,0,0,0,0,0,0,0,0,0,0,0,0,0,0,0,0,0,0,1,30,879,223,282,0
84,0,0,0,0,0,0,0,0,0,0,0,0,0,0,0,0,0,0,7,89,81,16,29,4,196,56,582,174,12,37,0
85,0,0,0,0,0,0,0,0,0,0,0,0,0,0,0,0,0,0,0,0,1,195,34,105,8,37,3,413,583,128,1
86,0,0,0,0,0,0,0,0,0,0,0,0,0,0,0,0,0,0,0,0,0,0,0,0,0,0,7,9,28,16,1
87,0,0,0,0,0,0,0,0,0,0,0,0,0,0,0,0,0,0,0,0,0,0,0,1,436,12,1,195,5,110,0
88,0,0,0,0,0,0,0,0,0,0,0,0,0,0,0,24,17,53,3,28,90,51,1,193,38,3,880,17,4,584,1
89,0,0,0,0,0,0,0,0,0,0,0,0,0,0,0,0,0,0,0,0,0,0,0,0,0,0,1,9,881,437,1
90,0,0,0,0,11,6,24,20,585,31,150,31,7,38,61,2,283,4,8,43,129,90,3,14,882,438,51,7,134,61,0
91,0,0,0,0,0,0,0,0,0,0,0,0,0,0,0,0,0,0,0,0,0,0,0,0,0,0,0,119,15,277,1
92,0,0,0,0,0,0,0,0,0,0,0,0,0,0,0,0,0,0,0,0,0,0,0,0,0,0,0,0,81,16,1
93,0,0,0,0,0,0,0,0,0,0,0,0,0,0,0,0,0,0,0,0,0,1,40,883,72,586,587,19,38,40,0
94,0,0,0,0,0,0,0,0,0,0,0,0,0,0,0,0,0,0,0,0,0,0,0,0,0,0,46,117,45,85,0
95,0,0,0,0,0,0,0,0,0,0,0,0,0,0,0,0,0,0,0,0,0,0,0,0,0,114,357,44,128,143,1
96,0,0,0,0,0,0,0,0,0,0,0,0,0,0,0,0,0,0,49,23,439,8,37,7,19,6,93,564,94,4,0
97,0,0,0,0,0,0,0,0,0,0,0,0,0,0,0,0,0,0,0,0,0,2,197,7,24,8,55,884,74,221,0
98,0,66,52,197,33,129,52,198,76,158,885,3,7,38,41,1,66,25,11,224,50,3,1,886,31,39,31,438,12,151,1
99,0,0,0,0,0,0,0,0,0,0,0,0,0,0,0,0,0,0,0,0,0,0,0,0,64,15,165,14,10,440,0
100,0,0,0,0,0,0,0,0,0,0,0,0,0,0,0,0,0,0,0,0,0,0,0,887,888,14,1,160,265,9,1
101,0,0,0,0,0,0,0,0,0,0,0,0,0,0,0,0,0,0,0,0,889,588,23,106,890,85,140,223,1,891,0
102,0,0,0,0,0,0,0,0,0,0,0,0,0,0,0,0,0,0,0,0,0,0,0,0,0,0,0,284,6,356,1
103,0,0,0,0,0,0,0,0,0,0,0,0,0,1,57,17,15,21,3,14,1,358,285,3,36,4,17,6,21,123,1
104,0,0,0,0,0,0,0,0,0,0,2,248,10,892,78,160,893,3,894,116,17,13,6,441,442,1,9,3,1,83,0
105,0,0,0,0,0,0,0,0,0,0,0,0,0,0,0,895,148,15,71,286,73,41,177,896,47,249,3,589,3,84,1
106,0,0,0,0,0,0,0,0,0,0,0,0,268,6,590,154,591,540,64,13,151,4,897,113,2,46,163,5,1,48,0
107,0,0,0,0,0,0,2,79,10,898,27,10,899,103,27,5,16,1,115,5,15,21,3,1,40,136,5,6,99,152,1
108,0,0,0,0,0,0,0,0,1,148,592,900,63,91,593,594,901,902,903,20,443,39,416,904,12,444,6,905,287,595,0
109,0,0,0,0,0,0,0,0,0,0,0,0,0,0,0,0,0,0,2,906,7,11,1,93,83,3,4,61,13,43,0
110,0,0,0,0,0,35,25,18,224,244,5,53,2,37,27,8,167,10,445,3,596,10,445,8,37,27,8,167,50,76,1
111,0,0,0,0,0,0,0,0,0,0,0,0,0,0,0,0,0,0,0,7,9,5,597,3,199,3,1,446,5,433,1
112,0,0,32,6,189,907,29,2,163,268,32,598,18,908,3,4,447,3,909,598,140,223,8,32,30,910,599,911,359,48,1
113,0,0,0,0,0,0,0,0,0,0,0,0,0,0,0,0,0,0,0,0,0,0,0,0,0,0,16,24,360,285,1
114,0,0,0,0,0,0,0,0,0,0,0,0,0,0,0,0,0,0,0,0,0,0,0,0,0,0,0,0,339,16,1
115,0,0,0,0,0,0,0,0,0,0,0,0,0,1,349,5,6,71,912,442,6,600,913,3,1,914,125,9,601,602,1
116,0,0,0,0,0,0,0,0,0,0,0,0,0,0,0,2,137,7,9,250,1,244,12,448,3,64,225,603,14,4,0
117,0,0,0,0,0,0,0,0,0,0,0,0,0,0,0,0,0,0,0,0,0,0,0,4,5,15,99,18,1,40,1
118,0,0,0,0,0,0,0,0,0,0,0,0,0,0,0,0,0,0,0,0,0,0,0,4,41,111,6,915,11,539,1
119,0,0,0,0,0,0,0,0,0,0,0,0,0,0,0,0,0,0,0,0,0,0,0,0,0,449,156,22,111,916,1
120,0,0,0,0,0,0,52,198,211,278,450,11,10,125,9,3,7,200,38,5,1,102,38,52,197,20,161,10,40,361,1
121,0,0,0,0,0,0,0,0,0,0,0,0,0,0,0,0,0,0,0,0,0,0,0,0,106,13,68,288,133,251,0
122,0,0,0,0,0,0,0,0,0,0,0,0,0,0,0,0,0,0,0,0,0,0,0,0,917,15,289,14,10,123,1
123,0,0,0,0,0,0,0,0,0,0,0,0,0,0,0,0,0,0,0,0,0,0,0,0,0,0,0,0,122,25,0
124,0,0,0,0,0,0,0,0,0,0,0,0,0,0,0,0,0,0,0,0,0,0,0,0,0,0,222,1,290,604,1
125,0,0,0,0,0,0,0,0,0,0,0,0,0,0,0,0,0,0,0,0,0,0,0,0,0,0,0,0,16,217,1
126,0,0,0,0,0,0,0,0,0,0,0,0,0,0,0,0,0,0,0,0,0,0,0,0,605,1,67,17,15,122,0
127,0,0,0,0,0,0,0,0,0,0,0,0,0,4,108,13,43,19,10,125,9,153,2,82,15,59,451,14,1,83,0
128,0,0,0,0,0,0,0,0,0,0,0,0,0,0,0,0,52,72,26,10,103,11,6,124,291,29,2,62,47,4,1
129,0,0,0,0,0,0,0,0,0,0,0,0,0,0,0,0,0,0,0,0,0,0,0,1,452,27,17,444,6,918,0
130,0,0,0,0,0,0,0,0,0,4,5,33,201,3,23,46,95,919,20,4,5,116,56,6,126,12,453,109,8,4,1
131,0,0,0,0,0,0,0,0,0,0,0,0,0,0,0,0,0,0,0,0,0,0,0,0,1,920,226,5,454,921,1
132,0,0,0,0,0,0,0,0,0,0,0,0,0,0,0,0,0,0,0,0,27,28,16,17,435,922,8,455,77,923,1
133,0,0,0,0,0,0,0,0,0,0,0,0,0,0,0,0,0,0,0,0,0,0,0,0,0,0,0,2,924,60,1
134,0,0,0,0,0,0,0,0,0,0,0,0,0,0,0,0,0,0,0,0,0,0,0,0,0,0,0,925,15,606,0
135,0,0,0,0,0,0,0,0,0,0,0,0,0,0,0,0,0,0,0,0,0,0,1,926,12,1,607,456,195,457,0
136,0,0,0,0,0,0,0,0,0,0,0,0,0,0,0,0,0,0,0,0,0,0,0,0,15,21,608,11,1,57,1
137,0,0,0,0,0,0,0,0,0,0,0,0,0,0,0,0,0,0,0,0,0,0,0,0,0,10,27,28,75,927,1
138,0,0,0,0,0,0,0,0,0,0,0,0,0,0,0,19,10,609,2,17,453,218,458,928,3,58,458,19,10,929,0
139,0,0,0,0,0,0,0,0,0,0,0,0,0,0,0,0,0,0,0,0,0,0,0,0,0,0,202,610,5,611,1
140,0,0,0,0,0,0,0,0,0,0,0,0,0,0,0,0,0,0,0,0,0,0,0,0,0,0,0,98,6,117,0
141,0,0,0,0,0,0,0,0,0,0,612,211,278,76,930,132,2,613,213,459,3,4,17,19,91,460,20,26,213,340,0
142,0,0,0,0,0,0,0,0,0,0,0,0,0,0,0,0,0,0,0,0,0,0,0,2,17,13,112,14,7,89,0
143,0,0,0,0,0,0,0,0,0,0,0,0,0,0,0,0,0,0,0,0,0,0,0,0,0,0,0,0,15,165,0
144,0,0,0,0,0,0,0,0,0,0,0,0,0,0,0,0,0,0,1,9,614,461,8,130,47,76,8,213,292,615,0
145,0,0,0,0,0,0,0,0,0,0,0,0,0,0,0,0,2,137,7,9,18,931,44,6,932,3,64,462,2,108,1
146,0,0,0,0,0,0,0,0,0,0,0,0,0,0,0,0,0,0,0,0,0,0,0,0,0,98,6,117,12,54,0
147,0,0,0,0,0,0,0,0,0,0,0,0,0,0,0,0,0,0,0,0,0,0,0,0,32,115,5,15,15,110,0
148,0,0,0,0,0,0,0,0,0,0,0,0,0,0,0,0,0,0,0,0,933,616,31,420,44,1,463,34,13,420,0
149,0,0,0,0,0,0,0,0,0,0,0,0,0,0,0,0,0,0,0,56,274,174,180,75,214,249,36,12,6,934,0
150,0,0,0,0,0,0,0,0,0,0,0,0,0,0,0,0,0,0,0,0,0,0,0,0,0,2,17,617,11,84,0
151,0,0,0,0,0,0,0,0,0,0,0,0,0,0,0,0,0,0,0,0,0,0,0,0,217,25,5,110,15,110,0
152,0,0,0,0,0,0,0,0,0,0,0,0,0,0,0,0,2,26,339,58,144,14,7,27,935,8,10,936,618,937,1
153,0,0,0,0,0,0,0,0,0,2,293,20,619,938,29,8,50,4,939,47,940,620,20,621,43,941,7,38,28,16,1
154,0,0,0,0,0,0,0,0,0,0,0,0,0,0,0,0,0,0,0,0,52,100,213,622,245,20,35,90,51,80,0
155,0,0,0,0,0,0,0,7,9,5,15,360,14,333,77,294,12,942,3,943,944,5,945,946,51,623,157,2,22,109,1
156,0,0,0,0,0,0,0,0,0,0,0,0,0,0,0,0,0,0,0,0,0,71,25,947,948,227,181,949,70,116,1
157,0,0,0,0,0,0,0,0,0,0,0,0,0,0,0,0,0,0,0,0,0,0,0,7,89,5,464,3,28,252,1
158,0,0,0,0,0,0,0,0,0,0,0,0,0,0,0,0,0,0,0,0,0,0,0,0,3,2,75,79,1,950,1
159,0,0,0,0,0,0,0,0,0,0,0,0,0,0,0,0,0,0,0,0,0,0,0,0,0,0,624,5,75,625,1
160,0,0,0,0,0,0,0,36,2,87,86,5,951,18,1,253,33,330,4,952,84,2,37,1,134,1,254,2,47,4,0
161,0,0,0,0,0,0,0,0,0,0,0,0,0,0,0,0,0,0,0,0,0,0,0,0,0,0,0,0,16,83,1
162,0,0,0,0,0,0,0,0,0,0,0,0,0,0,0,0,0,0,0,0,7,5,563,6,953,362,20,61,13,954,0
163,0,0,0,0,0,0,0,0,0,0,0,0,0,0,28,47,6,295,4,43,1,138,31,1,38,2,137,14,1,9,1
164,0,0,0,0,0,0,0,0,2,120,626,20,955,956,146,245,219,75,363,46,957,133,958,8,959,1,154,168,8,960,0
165,0,0,0,0,0,0,0,0,0,0,0,0,0,0,0,0,0,0,0,0,0,0,0,0,0,0,0,0,16,264,1
166,0,0,0,0,0,0,0,0,0,0,0,0,0,0,0,0,107,43,63,36,2,961,4,11,10,962,3,32,13,159,0
167,0,0,0,0,0,0,0,0,0,0,0,0,0,1,203,12,4,5,15,465,3,1,180,5,71,3,149,14,16,627,1
168,0,0,0,0,0,0,0,0,0,0,0,0,0,0,0,0,0,0,0,0,0,0,0,0,0,0,0,107,186,142,0
169,0,0,0,0,0,0,0,0,0,0,0,0,0,0,0,0,0,0,38,134,2,344,5,1,963,451,628,63,1,364,0
170,0,0,0,0,0,0,0,0,0,0,0,0,0,0,0,0,0,0,0,0,0,0,0,0,0,0,0,0,53,67,1
171,0,0,0,0,0,0,0,0,0,0,0,0,0,0,0,0,0,0,0,0,0,0,0,0,629,23,11,964,10,85,0
172,0,0,0,0,0,0,0,0,0,0,0,0,0,0,0,0,0,0,0,0,0,0,172,87,20,965,217,25,5,110,0
173,0,0,0,0,0,0,0,0,0,0,0,0,0,0,0,0,0,0,0,0,0,0,1,630,466,3,631,34,62,16,1
174,0,0,0,0,0,0,0,0,0,0,0,0,0,0,0,0,0,0,1,966,967,968,36,1,969,20,38,970,5,16,1
175,0,0,0,0,0,0,0,0,0,0,0,0,0,0,0,0,0,0,0,0,0,0,0,0,625,9,18,6,16,467,1
176,0,0,0,0,0,2,632,10,633,971,972,8,10,9,3,4,81,47,6,295,973,1,9,17,19,10,417,65,1,48,1
177,0,0,0,0,0,2,255,1,974,975,18,4,976,3,4,101,977,8,468,8,6,978,3,571,59,256,469,19,6,126,0
178,0,0,0,0,0,0,0,0,0,0,0,0,0,0,0,0,0,0,0,0,0,4,72,979,1,9,31,32,634,135,0
179,0,0,0,0,0,0,0,0,0,0,0,0,0,49,23,47,6,243,635,8,636,36,45,407,97,7,9,5,11,23,0
180,0,0,0,0,0,0,0,0,0,0,0,0,0,0,0,0,0,0,0,0,0,0,0,0,0,0,46,88,7,24,0
181,0,0,0,0,0,0,0,0,0,52,26,7,980,27,11,227,54,101,3,120,13,99,14,1,210,4,161,18,1,40,0
182,0,0,0,0,0,0,0,0,0,0,0,0,0,0,0,0,0,0,0,0,0,1,35,25,5,21,3,637,5,296,1
183,0,0,0,0,0,0,0,0,0,0,0,0,0,0,2,22,7,9,3,4,5,6,981,19,10,364,2,62,982,4,0
184,0,0,0,0,0,0,0,0,0,0,0,0,2,983,26,139,297,2,106,13,257,632,11,84,51,470,298,258,204,984,0
185,0,0,0,0,0,0,0,0,0,0,0,0,0,0,0,0,0,0,0,0,0,0,0,0,0,0,0,0,0,638,1
186,0,0,0,0,0,0,0,0,0,0,0,0,0,0,0,0,0,0,0,0,0,0,0,0,0,0,0,0,154,591,0
187,0,0,0,0,0,0,0,0,0,0,0,0,0,0,0,0,0,0,0,0,0,0,0,0,0,0,0,0,16,9,1
188,0,0,0,0,0,0,0,0,0,0,0,0,0,0,0,0,0,0,0,0,0,0,0,0,0,0,117,12,594,985,0
189,0,0,0,0,0,0,29,69,2,986,202,987,63,988,1,602,989,560,121,6,124,425,162,1,102,990,3,97,64,471,0
190,0,0,0,0,0,0,0,0,0,0,0,0,0,0,0,0,0,0,0,0,0,0,0,1,472,572,19,6,124,291,0
191,0,0,0,0,0,0,0,0,0,0,0,0,0,0,0,0,0,0,0,0,0,0,0,77,639,991,21,9,8,88,1
192,0,0,0,0,0,0,0,0,0,0,0,0,0,0,0,0,0,0,0,992,104,22,111,473,71,3,271,18,1,9,1
193,0,0,0,0,0,0,0,0,0,0,0,0,0,0,0,0,0,0,0,0,2,22,26,139,993,994,640,251,3,84,0
194,0,0,0,0,0,0,0,0,0,0,0,0,0,0,0,0,0,0,0,0,0,0,0,0,0,0,0,0,13,170,0
195,0,0,0,0,0,0,0,0,0,0,0,0,0,0,0,0,0,0,0,0,0,0,199,995,2,996,545,4,5,116,1
196,0,0,0,0,0,0,0,0,0,0,0,0,0,0,0,0,0,0,0,0,0,0,0,0,997,79,172,641,4,5,1
197,0,0,0,0,0,0,0,0,0,0,0,0,0,0,0,0,0,0,0,0,0,0,0,0,0,0,0,0,122,431,0
198,0,0,0,0,0,0,0,0,0,0,0,0,0,0,0,0,0,0,0,0,0,0,0,0,0,1,998,48,107,152,0
199,0,0,0,0,0,0,0,0,0,0,0,0,0,0,0,0,0,0,0,0,0,0,0,0,0,0,228,9,474,999,0
200,0,0,0,0,0,0,0,0,0,0,0,0,0,1,299,5,95,1000,51,2,475,4,42,55,3,1,627,34,1001,465,1
201,0,0,0,0,0,0,0,0,0,0,0,0,0,0,0,0,0,0,0,0,36,19,36,2,163,4,17,6,21,1002,1
202,0,0,0,0,0,0,0,0,0,0,0,0,0,0,0,0,0,0,0,4,155,15,1003,1004,1005,258,4,1006,1,167,0
203,0,0,0,0,0,0,0,0,0,0,0,0,0,0,0,0,0,0,0,0,0,0,1,66,1007,12,1,1008,1009,1010,1
204,0,0,0,0,0,0,0,0,0,0,0,0,0,0,0,0,0,0,0,0,0,0,0,0,30,365,72,6,124,292,0
205,0,0,0,0,0,0,0,0,0,0,0,0,0,0,0,0,0,0,0,0,0,0,0,0,0,16,27,15,170,1011,1
206,0,0,0,0,0,0,0,0,0,0,0,0,0,0,0,0,1,476,1012,1013,148,204,6,300,12,6,9,5,477,1014,1
207,0,0,0,0,0,0,0,0,0,0,0,0,0,0,0,0,52,26,7,11,642,76,190,3,4,41,81,16,11,50,1
208,0,0,0,0,0,0,0,0,0,0,0,0,0,0,0,0,0,0,0,0,0,0,0,0,0,0,0,21,1015,217,1
209,0,0,0,0,0,0,0,0,0,0,0,0,0,0,0,0,0,0,0,0,0,0,0,0,0,219,34,333,4,205,0
210,0,0,0,0,2,108,13,643,1016,1,229,11,124,1017,24,29,2,1018,1,1019,20,2,348,13,22,100,7,478,1020,1021,0
211,0,0,0,0,0,0,0,0,0,0,0,0,0,0,0,0,0,0,0,0,49,23,344,1022,455,7,9,185,36,1023,0
212,0,0,0,0,0,0,0,0,0,0,0,0,0,0,0,0,0,0,0,0,0,0,0,0,0,0,0,16,57,73,1
213,0,0,0,0,0,1,301,5,15,332,52,111,366,8,1024,250,10,609,14,1,9,19,1,1025,644,14,58,1026,25,645,1
214,0,0,0,0,0,0,0,0,0,0,0,0,0,0,0,0,0,0,0,0,0,0,0,0,0,0,0,0,360,67,1
215,0,0,0,0,0,0,0,0,0,0,0,0,0,0,0,0,0,0,0,0,0,0,0,0,0,2,42,171,60,7,1
216,0,0,0,0,0,0,0,0,0,0,0,0,0,0,0,0,0,0,0,0,0,0,0,0,0,0,2,42,60,7,1
217,0,0,0,0,0,0,0,0,0,0,0,0,0,0,0,2,73,216,47,1,18,628,4,646,47,4,42,1027,14,37,0
218,0,0,0,0,0,0,0,0,0,0,0,0,0,0,0,0,0,0,0,0,0,0,0,0,0,0,0,127,9,92,0
219,0,0,0,0,0,0,0,0,0,0,0,0,0,0,0,0,0,0,0,0,0,0,0,0,64,120,1028,14,7,9,1
220,0,0,0,0,0,0,0,0,0,0,0,0,0,0,0,0,0,0,0,0,0,0,0,0,0,0,0,0,1029,1030,0
221,0,0,0,0,0,0,0,0,0,0,32,294,12,647,8,37,96,12,172,4,166,3,1031,32,647,172,1032,1,229,5,0
222,0,0,0,0,0,0,0,0,0,0,0,0,0,0,0,0,0,0,0,0,0,0,0,0,0,238,367,3,16,152,1
223,0,0,0,0,0,0,0,0,0,0,0,0,0,0,0,0,0,0,0,36,19,36,368,369,6,90,648,479,44,160,0
224,0,0,0,0,0,0,0,0,0,0,0,0,480,6,206,1033,35,19,1,649,18,36,10,132,20,2,22,191,613,258,0
225,0,0,0,0,0,0,0,0,0,0,0,0,0,0,0,0,0,0,0,0,0,80,34,650,15,99,3,637,5,332,1
226,0,0,0,0,0,0,0,0,0,0,0,0,0,0,2,651,46,47,1034,29,7,38,5,15,367,107,652,59,10,1035,1
227,0,0,0,0,0,0,0,0,0,0,0,0,0,0,0,0,0,0,0,0,0,0,0,0,0,0,64,6,653,165,0
228,0,0,0,0,0,0,0,0,0,0,0,2,22,26,7,9,11,168,6,230,101,3,2,114,654,23,32,13,20,16,0
229,0,0,0,0,0,0,0,0,0,0,2,481,7,11,482,1036,624,29,2,163,4,72,81,469,268,69,2,102,109,4,0
230,0,0,0,0,0,0,0,0,0,0,0,0,0,0,0,0,0,0,0,0,0,0,0,1,30,5,225,228,8,50,0
231,0,0,0,0,0,0,0,0,0,0,0,0,0,0,0,0,0,0,0,0,0,0,0,0,98,6,221,117,12,54,0
232,0,0,0,0,0,0,0,0,0,0,0,0,0,0,0,0,0,0,0,0,0,0,0,0,46,117,45,18,7,38,0
233,0,0,0,0,0,0,0,0,0,0,0,0,0,0,0,0,0,0,0,0,0,0,0,0,0,0,16,35,3,67,1
234,0,0,0,0,0,0,0,0,0,0,0,0,0,0,0,0,0,0,0,0,0,0,0,62,289,14,7,24,33,129,1
235,0,0,0,0,0,0,0,0,0,0,0,0,0,0,0,0,0,0,0,0,0,0,0,0,38,12,10,1037,1038,92,1
236,0,0,0,0,0,0,0,0,0,0,0,0,0,0,0,0,0,0,0,0,0,0,0,0,0,66,103,18,1,483,1
237,0,0,0,0,0,0,0,0,0,0,0,0,0,0,0,0,0,0,1039,359,14,71,1040,3,484,2,60,23,7,48,1
238,0,0,0,0,0,0,0,0,0,0,0,0,0,0,0,2,17,15,655,8,68,7,27,96,2,475,4,17,62,1041,1
239,0,0,0,0,0,0,0,0,0,0,0,0,0,0,0,0,0,0,0,0,0,0,86,13,146,1,138,370,31,50,0
240,0,0,0,0,0,0,0,0,0,0,0,0,0,0,0,0,0,0,0,0,0,0,0,0,0,221,302,14,1042,1043,0
241,0,0,0,0,0,0,0,0,0,0,0,0,0,0,0,0,0,0,0,0,0,0,1,9,17,555,3,17,13,78,0
242,0,0,0,0,0,0,0,0,0,0,0,0,0,0,0,0,0,0,0,0,0,0,0,0,0,0,127,182,67,92,0
243,0,0,0,0,0,0,0,0,0,0,0,0,0,0,0,0,0,0,0,0,0,58,656,40,657,419,3,58,342,658,0
244,0,0,0,0,0,0,0,0,0,0,0,0,0,0,0,0,0,0,0,0,0,0,4,1044,1,1045,12,6,103,27,0
245,0,0,0,0,0,0,0,0,0,0,0,0,0,0,0,0,0,0,0,0,0,0,0,0,0,0,0,371,256,1046,1
246,0,0,0,0,0,0,0,0,0,0,0,0,0,0,0,0,0,0,0,0,0,0,0,0,0,53,1047,1048,9,48,1
247,0,0,0,0,0,0,0,0,0,0,0,0,0,0,0,0,0,0,0,0,0,71,245,11,1,57,3,104,43,16,1
248,0,0,0,0,0,0,0,0,0,0,0,0,0,0,0,0,0,0,0,0,0,0,0,0,0,0,253,5,1049,468,0
249,0,0,0,0,0,0,0,0,0,0,0,4,5,15,99,8,178,31,39,113,5,485,1,215,303,1050,94,151,6,48,1
250,0,0,0,0,0,0,0,0,0,0,0,0,0,0,0,0,0,0,0,32,161,47,6,1051,3,5,288,659,3,1052,1
251,0,0,0,0,0,0,0,0,0,0,0,0,0,0,0,0,0,0,0,0,1053,10,1054,1,66,9,2,22,92,26,1
252,0,0,0,0,0,0,0,0,0,0,0,0,0,0,0,0,0,0,0,0,32,15,1055,3,660,8,55,12,21,25,1
253,0,0,0,0,0,0,0,0,0,0,0,0,0,0,0,0,0,0,0,0,0,0,2,79,36,1,422,3,478,1056,1
254,0,0,0,0,0,0,0,0,0,0,0,7,24,26,6,288,1057,661,20,17,1058,56,6,126,3,662,50,8,304,4,0
255,0,0,0,0,0,0,0,0,0,0,0,0,0,0,0,0,0,0,0,0,0,0,0,0,0,0,110,25,3,67,0
256,0,0,0,0,0,0,0,0,0,0,0,0,0,0,0,0,0,0,0,0,1,259,166,33,641,3,663,4,5,1059,0
257,0,0,0,0,0,0,0,0,0,0,0,0,0,0,0,0,0,0,0,0,0,0,0,0,0,0,0,0,16,372,1
258,0,0,0,0,0,0,0,0,0,0,0,0,0,0,0,0,0,0,0,0,0,0,0,0,0,0,53,305,358,362,1
259,0,0,0,0,0,0,0,0,0,0,0,0,0,0,0,0,0,0,0,0,0,0,0,16,11,151,14,45,432,1060,1
260,0,0,0,0,0,0,0,0,0,0,0,0,0,0,0,0,0,0,0,0,0,0,0,0,0,0,21,24,638,264,1
261,0,0,0,0,0,0,0,0,0,0,0,0,0,0,0,0,0,0,0,72,26,7,6,664,29,32,81,665,33,129,1
262,0,0,0,0,0,0,0,0,0,0,0,0,0,0,0,0,0,0,0,0,0,0,0,0,0,0,0,0,28,16,1
263,0,0,0,0,0,0,0,0,0,0,0,0,0,0,0,0,0,0,0,0,0,0,0,0,0,0,0,0,1061,207,0
264,0,0,0,0,0,0,0,0,0,0,0,0,0,0,0,0,0,0,0,0,0,0,0,0,0,20,38,216,43,373,0
265,0,0,0,0,0,0,0,0,0,0,0,0,0,0,0,0,0,0,0,0,0,0,0,0,0,30,147,5,260,21,1
266,0,0,0,0,0,0,0,0,0,0,0,0,0,0,0,0,0,0,0,0,0,0,0,0,0,0,559,1062,292,353,0
267,0,0,0,0,0,0,0,0,0,0,0,0,0,0,0,0,0,0,0,0,0,0,0,0,0,0,32,6,16,89,1
268,0,0,0,0,0,0,0,0,0,0,0,0,0,0,0,0,0,0,0,0,0,0,0,0,0,0,46,117,45,85,0
269,0,0,0,0,0,0,0,0,0,0,0,0,0,0,0,0,0,0,0,0,0,0,0,0,0,0,0,79,7,27,1
270,0,0,0,0,0,0,0,0,0,0,0,0,0,0,0,0,0,13,72,114,4,486,45,352,29,448,73,1063,1064,4,0
271,0,0,0,0,0,0,0,0,0,0,0,0,0,0,0,0,0,0,0,0,0,0,0,0,0,0,0,0,81,252,1
272,0,0,0,0,0,0,0,0,0,0,0,0,0,0,0,0,0,0,0,0,0,0,0,0,0,0,374,64,1065,59,0
273,0,0,0,0,0,0,0,0,0,0,0,0,0,0,0,0,0,0,0,0,2,1066,4,213,666,96,12,1,35,25,1
274,0,0,0,0,0,0,0,0,0,0,0,0,0,0,0,0,0,0,0,0,0,0,0,0,455,7,38,49,23,87,0
275,0,0,0,0,0,0,0,0,0,0,0,0,0,0,0,0,0,0,0,0,0,0,0,0,0,0,1067,153,28,16,1
276,0,0,0,0,0,0,0,0,0,0,0,0,0,0,0,0,0,0,0,0,0,0,2,542,10,189,85,14,7,372,0
277,0,0,0,0,0,0,0,0,0,0,0,0,0,0,0,0,0,0,0,0,0,0,0,0,0,0,0,15,21,9,1
278,0,0,0,0,0,0,0,0,0,0,0,0,0,0,0,0,0,0,0,0,0,66,12,36,5,1,1068,306,15,271,1
279,0,0,0,0,0,0,0,0,0,0,0,0,0,0,0,0,0,0,0,0,0,0,0,0,0,484,11,1069,667,375,1
280,0,0,0,0,0,0,0,0,0,0,0,0,0,0,0,0,0,0,0,0,0,0,0,0,0,0,21,24,21,376,1
281,0,0,0,0,0,0,0,0,0,0,0,0,0,0,0,0,0,0,0,0,0,0,0,0,0,0,2,79,7,103,1
282,0,0,0,0,0,0,0,0,0,0,0,0,0,0,0,0,0,0,0,0,0,0,0,102,12,36,4,107,178,39,0
283,0,0,0,0,0,0,0,0,0,0,0,0,0,0,0,0,0,0,0,0,0,2,82,15,170,14,7,27,44,377,1
284,0,0,0,0,0,0,0,0,0,0,0,0,0,0,0,0,0,0,0,0,2,137,4,96,4,17,33,201,3,668,1
285,0,0,0,0,0,0,0,0,0,0,0,0,0,0,0,0,0,0,0,0,0,0,0,0,0,0,0,0,16,9,1
286,0,0,0,0,0,0,0,0,0,0,0,0,0,0,0,0,0,0,0,0,0,0,0,0,2,621,60,378,7,24,0
287,0,0,0,0,0,0,0,0,0,0,0,0,0,0,0,0,0,0,0,0,0,0,0,0,0,0,0,136,12,207,0
288,0,0,0,0,0,0,0,0,0,0,0,0,0,0,0,0,0,0,0,0,0,0,0,0,0,0,0,487,1070,1071,0
289,0,0,0,0,0,0,0,0,7,89,5,16,1072,4,570,4,488,59,1073,3,4,41,111,159,21,256,220,14,58,139,1
290,0,0,0,0,0,0,0,0,0,0,0,0,0,0,0,0,0,0,0,0,0,0,0,0,0,0,0,0,16,9,1
291,0,0,0,0,0,0,0,0,0,0,0,0,0,0,0,0,0,0,0,0,0,0,0,0,0,0,0,46,88,4,0
292,0,0,0,0,0,0,0,0,0,0,0,0,0,0,0,0,0,0,0,0,0,0,0,0,0,0,0,0,53,9,1
293,0,0,0,0,0,0,0,0,0,0,0,0,0,0,0,0,0,0,0,0,0,0,0,0,0,86,13,123,7,9,0
294,0,0,0,0,0,0,0,0,0,0,0,0,0,0,0,0,0,0,0,0,0,0,1,202,610,1074,1,1075,5,53,1
295,0,0,0,0,0,0,0,0,0,0,0,0,0,0,0,0,0,0,0,0,7,5,305,223,1,66,9,52,92,26,1
296,0,0,0,0,0,0,0,0,0,0,0,0,28,16,69,10,1076,1077,1,9,543,489,1,1078,1079,424,12,1080,1,180,1
297,0,0,0,0,0,0,0,0,0,0,0,0,0,0,0,0,0,0,0,0,0,0,0,7,38,28,3,17,276,140,1
298,0,0,0,0,0,0,0,0,0,0,0,0,0,0,0,0,0,0,0,0,0,0,0,0,0,0,182,67,17,169,0
299,0,0,0,0,0,0,0,0,0,0,0,0,0,0,0,0,0,0,0,0,30,147,120,13,142,133,19,160,1081,1082,0
300,0,0,0,0,0,0,0,0,0,0,0,0,0,0,0,0,0,0,0,0,0,0,0,0,0,0,0,333,4,205,0
301,0,0,0,0,0,0,0,0,0,0,0,0,0,0,0,0,0,0,0,0,0,101,2,293,20,2,119,6,1083,440,1
302,0,0,0,0,0,0,0,0,0,0,0,0,0,0,0,0,0,0,0,0,0,0,0,0,0,1084,1085,1086,7,1087,1
303,0,0,0,0,0,0,0,0,0,0,0,0,0,0,0,0,0,0,0,0,0,0,0,0,0,0,0,0,21,57,1
304,0,0,0,0,0,0,0,0,0,0,0,176,81,18,1,102,1088,135,17,650,1089,19,6,1090,210,3,1,436,280,21,1
305,0,0,0,0,0,0,0,0,0,0,0,0,0,0,0,0,0,0,0,0,0,0,2,248,4,282,3,4,28,16,1
306,0,0,0,0,0,0,0,0,0,0,0,0,0,0,0,0,0,0,0,0,0,0,0,0,0,0,41,111,159,16,1
307,0,0,0,0,0,0,0,0,0,0,0,0,0,0,0,0,0,0,31,307,164,1091,2,197,7,195,490,17,15,379,0
308,0,0,0,0,0,0,0,0,0,0,0,0,0,0,0,10,1092,308,231,1093,44,1094,355,1,130,6,179,90,51,7,0
309,0,0,0,0,0,0,0,0,0,0,0,0,0,0,0,0,0,0,0,0,0,104,86,13,491,94,1,648,38,653,0
310,0,0,0,0,0,0,0,0,0,0,0,0,0,0,0,0,0,0,0,7,5,6,21,30,3,4,137,330,62,360,1
311,0,0,0,0,0,0,0,0,0,0,0,0,0,0,0,0,0,0,0,0,0,0,0,0,0,1,1095,1096,5,492,0
312,0,0,0,0,0,0,0,0,0,0,0,0,0,0,73,32,597,133,8,152,162,10,1097,1098,578,579,187,1099,1,48,1
313,0,0,0,0,0,0,0,0,0,0,0,0,0,0,0,0,0,0,0,9,101,355,130,47,4,108,69,4,17,78,1
314,0,0,0,0,0,0,0,0,0,0,0,0,0,0,0,0,0,0,0,1,30,5,374,31,39,31,1,67,37,1100,0
315,0,0,0,0,0,32,493,3,1,35,25,5,232,110,1101,14,1,9,265,65,14,10,623,622,27,20,494,162,91,380,0
316,0,0,0,0,0,0,0,0,0,0,0,0,0,0,0,0,0,0,0,0,0,219,22,669,6,179,12,1102,18,4,1
317,0,0,0,0,0,0,0,0,0,0,0,0,0,7,5,284,6,334,22,49,45,1103,61,13,1104,125,9,1105,126,670,1
318,0,0,0,0,0,0,0,0,0,0,0,0,0,0,0,0,0,0,0,0,0,0,0,0,0,2,242,10,85,205,0
319,0,0,0,0,0,0,0,0,0,0,0,0,0,0,0,0,0,0,0,0,0,0,0,0,0,0,2,79,7,135,1
320,0,0,0,0,0,0,0,0,0,0,0,0,0,0,0,0,0,0,0,0,0,0,2,82,73,15,112,14,1,57,1
321,0,0,0,0,0,0,0,0,0,0,0,0,0,0,0,0,0,0,0,2,481,7,24,102,3,17,603,14,4,1106,0
322,0,0,0,0,0,0,0,0,0,0,0,0,0,0,0,0,0,0,0,0,0,0,0,1,1107,5,120,492,19,1108,0
323,0,0,0,0,0,0,0,0,0,0,0,0,0,0,0,0,0,2,17,366,8,86,202,671,19,1,93,14,58,144,1
324,0,0,0,0,0,0,0,0,0,0,0,0,2,22,1109,340,18,10,125,9,69,2,82,432,29,23,233,13,145,309,0
325,0,0,0,0,0,0,0,0,0,0,0,0,0,0,0,0,0,0,0,0,0,0,0,0,0,0,21,89,183,57,1
326,0,0,0,0,0,0,0,0,0,0,0,0,0,0,0,0,0,0,0,1110,1111,34,13,1,66,3,672,34,1,673,0
327,0,0,0,0,0,0,0,0,0,0,0,0,0,0,0,0,0,0,0,0,0,0,0,1,153,108,13,43,15,39,0
328,0,0,0,0,0,0,0,0,0,0,0,0,0,0,0,0,0,0,0,0,0,0,0,0,0,0,0,0,184,381,0
329,0,0,0,0,0,0,0,0,0,0,0,0,0,0,0,0,0,0,0,0,0,0,0,0,0,1112,121,168,130,285,0
330,0,0,0,0,0,0,0,0,0,0,0,0,0,0,0,0,0,0,0,0,0,0,0,0,0,0,0,0,15,99,1
331,0,0,0,0,0,0,0,0,0,0,1,30,5,159,39,31,6,472,11,1,266,20,261,14,1,9,168,76,190,382,1
332,0,0,0,0,0,0,0,0,0,0,0,0,0,0,0,0,0,0,0,0,0,0,0,0,0,0,1,115,5,53,1
333,0,0,0,0,0,0,0,0,0,0,4,161,361,19,373,40,1,35,5,149,3,243,3,1,130,365,6,310,12,173,1
334,0,0,0,0,0,15,149,25,35,3,23,46,22,8,652,14,1,35,18,45,674,220,23,22,1,35,194,18,1,27,1
335,0,0,0,0,0,0,0,0,0,0,0,0,311,142,541,30,23,46,22,8,675,4,31,1113,31,227,12,1,495,1114,0
336,0,0,0,0,0,0,0,0,0,0,0,0,0,0,0,0,0,0,0,0,0,0,363,116,5,6,144,14,1,1115,0
337,0,0,0,0,0,0,0,0,0,0,0,0,0,0,0,0,0,0,0,0,0,0,0,0,0,0,0,0,15,312,0
338,0,0,0,0,0,0,0,0,0,0,0,0,0,0,0,0,0,4,17,91,1116,136,29,2,42,120,22,369,90,25,0
339,0,0,0,0,0,0,0,0,0,0,0,4,5,1117,228,3,108,13,1118,77,294,12,1119,8,10,115,56,2,100,4,0
340,0,0,0,0,0,0,0,0,0,0,0,0,0,0,0,0,0,0,0,0,0,0,0,0,0,0,0,53,35,25,1
341,0,0,0,0,0,0,0,0,0,0,0,0,0,0,0,0,0,0,0,0,0,0,0,0,0,0,0,17,13,112,0
342,0,0,0,0,0,0,0,0,0,0,0,0,0,0,0,0,6,136,12,207,20,196,56,204,18,10,9,11,76,173,0
343,0,0,0,0,0,0,0,0,0,0,0,0,0,0,0,0,0,0,0,0,0,0,0,0,78,30,28,16,19,9,1
344,0,0,0,0,0,0,0,0,0,0,0,0,0,0,0,0,0,0,0,0,0,0,0,0,0,0,0,127,182,67,0
345,0,0,0,0,0,0,0,0,52,218,10,9,84,383,51,2,87,212,95,18,1120,3,10,9,5,120,16,1121,18,1122,1
346,0,0,0,0,0,0,0,0,0,0,0,0,0,0,0,0,0,0,0,0,0,0,0,115,5,169,3,600,12,410,0
347,0,0,0,0,0,0,0,0,0,0,0,0,0,0,0,0,0,0,0,0,0,0,0,0,0,0,0,21,217,25,1
348,0,0,0,0,0,0,0,0,0,0,0,0,0,0,7,189,135,41,1123,10,1124,1125,3,119,10,147,6,667,179,384,1
349,0,0,0,0,0,0,0,0,0,0,0,0,0,2,17,1126,19,10,1127,14,1,1128,18,10,313,3,1,27,471,251,0
350,0,0,0,0,0,0,0,0,0,0,0,0,0,0,0,0,0,0,0,0,0,0,0,0,0,335,1129,18,1,9,0
351,0,0,0,0,0,0,0,0,0,0,0,0,0,0,0,0,0,0,0,0,0,0,0,28,47,6,295,28,31,580,1
352,0,0,0,0,0,0,0,0,0,0,0,0,0,0,0,0,0,0,0,0,0,0,0,0,99,71,301,21,30,147,1
353,0,0,0,0,0,0,0,0,0,0,0,0,0,0,0,0,0,0,0,0,0,0,192,467,458,19,1130,1131,5,206,0
354,0,0,0,0,0,0,0,0,0,0,0,0,0,0,0,0,0,0,0,0,0,0,0,0,0,0,53,1132,496,27,0
355,0,0,0,0,0,0,0,0,0,0,0,0,0,0,0,0,0,1,1133,1134,5,16,1,1135,14,1,1136,5,15,1137,0
356,0,0,0,0,0,0,0,0,0,0,0,0,0,0,1,72,134,20,2,163,106,1138,5,1,35,1139,70,44,1,27,0
357,0,0,0,0,0,0,0,0,0,0,0,0,0,0,0,0,102,121,1,115,381,2,22,191,26,84,51,76,340,92,0
358,0,0,0,0,0,0,0,0,0,0,0,0,0,0,0,0,0,0,0,0,0,0,0,0,0,1,9,222,473,1140,0
359,0,0,0,0,0,0,0,0,0,0,0,0,0,0,0,1,490,73,28,39,29,1141,8,164,2,22,1142,4,1143,176,1
360,0,0,0,0,0,0,0,0,0,0,0,0,0,0,0,0,0,0,0,0,0,0,0,0,0,0,71,154,3,25,1
361,0,0,0,0,0,0,0,0,0,0,0,73,49,45,9,5,218,7,48,5,13,237,8,676,4,1144,69,218,385,223,0
362,0,0,0,0,0,0,0,0,0,0,0,0,0,0,0,0,0,4,5,199,105,8,37,3,41,15,149,115,3,1145,1
363,0,0,0,0,0,0,0,0,0,0,0,0,0,0,0,0,0,0,0,0,0,0,0,0,0,122,152,210,74,221,0
364,0,0,0,0,0,0,0,0,0,0,0,0,0,0,0,0,0,0,0,0,0,4,284,17,13,31,21,31,10,1146,1
365,0,0,0,0,0,0,0,0,0,0,0,0,0,0,0,0,0,0,0,0,0,0,0,0,0,0,0,0,296,135,1
366,0,0,0,0,0,0,0,0,0,0,0,0,0,0,0,0,0,0,0,0,0,0,0,0,0,0,0,117,12,85,0
367,0,0,0,0,0,0,0,0,0,0,0,0,0,0,0,2,26,481,6,160,314,259,137,6,15,39,1147,3,159,24,1
368,0,0,0,0,0,0,0,0,0,0,0,0,0,0,0,0,0,0,0,0,0,0,0,0,0,0,0,79,7,9,1
369,0,0,0,0,0,0,0,0,0,0,2,17,234,11,7,27,11,6,142,54,3,101,20,52,137,4,2,156,55,497,1
370,0,0,0,0,0,0,0,0,0,0,0,0,0,0,0,0,0,0,498,55,1148,677,3,10,27,678,679,11,58,680,0
371,0,0,0,0,0,0,0,0,0,0,0,0,0,0,0,0,0,446,5,53,3,148,5,31,21,31,77,44,20,230,1
372,0,0,0,0,0,0,0,0,0,0,0,0,0,0,0,0,0,0,0,0,0,0,0,0,0,30,147,5,73,16,1
373,0,0,0,0,0,0,0,0,0,0,0,0,0,0,0,0,0,1,127,9,52,92,26,72,26,4,11,6,124,174,0
374,0,0,0,0,0,0,0,0,0,0,0,13,6,21,89,4,81,11,6,126,97,267,315,139,19,10,1149,1150,1151,352,0
375,0,0,0,0,0,0,0,0,0,0,7,5,33,1152,3,73,10,239,1153,49,2,499,8,681,1,40,153,162,10,40,0
376,0,0,0,0,0,0,0,0,0,0,0,0,0,0,0,0,0,0,0,0,0,0,0,0,1154,1,9,18,36,682,1
377,0,0,0,0,0,0,0,0,0,0,0,0,0,0,7,5,6,15,1155,9,14,122,30,147,20,1156,18,6,379,467,0
378,0,0,0,0,0,0,0,0,0,0,0,0,0,0,0,0,0,0,0,0,0,0,149,683,132,142,30,147,142,301,1
379,0,0,0,0,0,0,0,0,0,0,0,0,0,0,0,0,0,0,0,0,0,0,0,0,0,0,0,1157,620,381,0
380,0,0,0,0,0,0,0,0,0,0,0,0,0,0,0,0,0,0,0,0,0,0,0,0,0,0,16,305,358,135,1
381,0,0,0,0,0,0,0,0,0,0,0,0,0,0,0,0,0,23,87,95,235,1158,1159,14,1,1160,1161,446,15,177,1
382,0,0,0,0,0,0,0,0,0,0,0,0,0,0,0,0,0,0,0,0,0,0,0,0,138,144,31,316,22,1162,0
383,0,0,0,0,0,0,0,0,0,0,0,0,0,0,0,0,56,500,307,307,501,1163,7,5,1,38,20,502,28,39,1
384,0,0,0,0,0,0,0,0,0,0,0,0,0,0,0,0,0,0,0,0,0,0,0,0,0,0,0,0,1164,1165,1
385,0,0,0,0,0,0,0,0,0,0,0,0,0,0,0,0,0,0,1,127,136,12,317,92,677,14,1,193,182,67,0
386,0,0,0,0,0,0,0,0,0,0,0,0,0,0,0,0,0,0,0,0,0,0,0,0,0,0,0,110,35,25,0
387,0,0,0,0,0,0,0,0,0,0,0,0,0,0,0,0,0,0,0,0,0,0,0,0,0,1,66,9,19,483,1
388,0,0,0,0,0,0,0,0,0,0,0,0,0,0,0,0,0,0,0,0,0,0,0,0,0,0,4,81,15,39,1
389,0,0,0,0,0,0,0,0,0,0,0,0,0,0,0,0,0,0,0,1,229,684,10,24,15,1166,3,4,28,39,1
390,0,0,0,0,0,0,0,0,0,0,0,0,0,0,0,0,0,0,0,0,0,0,0,0,0,0,685,98,2,386,1
391,0,0,0,0,0,0,0,0,0,0,0,0,0,0,0,0,0,1,241,595,5,129,416,98,158,1167,157,34,1168,1169,0
392,0,0,0,0,0,0,0,0,0,0,0,0,0,0,0,0,0,0,0,0,0,0,0,0,0,7,5,6,16,387,1
393,0,0,0,0,0,0,0,0,0,0,0,0,0,0,0,0,0,0,0,0,0,53,24,2,82,15,388,14,1,123,1
394,0,0,0,0,0,0,0,0,0,0,0,0,0,0,0,0,0,0,2,171,60,80,3,1170,164,8,503,128,6,499,1
395,0,0,0,0,0,0,0,0,0,0,0,0,0,0,0,0,0,0,0,0,0,0,0,0,0,0,90,51,1171,283,1
396,0,0,0,0,0,0,0,0,0,0,0,0,0,0,0,0,151,36,450,343,65,140,7,134,114,13,257,18,10,40,0
397,0,0,0,0,0,0,0,0,0,0,0,0,0,0,0,0,0,0,0,0,0,0,0,0,0,0,16,24,3,57,1
398,0,0,0,0,0,0,0,0,0,0,0,0,0,0,0,0,0,0,0,0,0,619,21,477,276,3,1172,32,20,238,1
399,0,0,0,0,0,0,0,0,0,0,0,0,0,0,0,0,120,686,64,273,7,89,42,43,39,49,2,92,1173,4,0
400,0,0,0,0,0,0,0,0,0,0,0,0,0,0,0,0,0,0,0,0,0,0,0,0,0,0,0,98,6,302,0
401,0,0,0,0,0,0,0,0,0,0,0,0,0,0,0,0,0,0,0,0,0,0,0,0,0,0,0,15,1174,67,1
402,0,0,0,0,0,0,0,0,0,0,0,0,0,0,0,0,0,0,0,0,0,0,0,0,0,53,24,11,1,57,1
403,0,0,0,0,0,0,0,0,0,0,0,0,0,0,0,0,0,0,0,0,0,0,0,0,0,15,289,14,7,27,1
404,0,0,0,0,0,0,0,0,0,0,0,0,0,0,0,0,0,0,0,0,0,0,0,0,46,117,45,85,3,54,0
405,0,0,0,0,0,0,0,0,0,0,0,0,0,0,0,0,0,0,0,0,0,0,0,2,318,79,1,142,30,147,1
406,0,0,0,0,0,0,32,33,687,8,22,8,319,378,78,466,93,466,1175,245,3,93,1176,256,54,6,78,9,389,70,0
407,0,0,0,0,0,0,0,0,0,0,0,0,0,0,0,0,0,0,0,0,0,0,0,0,0,0,0,0,28,16,1
408,0,0,0,0,0,0,0,0,0,0,0,0,0,0,0,0,0,0,0,0,0,0,0,0,0,0,377,103,1177,88,1
409,0,0,0,0,0,0,0,0,0,2,261,168,44,193,96,1178,41,1179,125,157,1,102,134,2,688,17,1,62,122,67,0
410,0,0,0,0,0,0,0,0,0,0,0,0,0,0,0,0,0,0,0,0,0,0,0,498,55,234,11,6,78,372,0
411,0,0,0,0,0,0,0,0,0,0,0,0,0,0,0,0,0,0,0,0,0,0,0,2,171,60,7,135,8,413,1
412,0,0,0,0,0,0,0,0,0,0,0,0,0,0,0,0,0,0,0,0,0,0,0,0,0,406,1180,5,296,74,1
413,0,0,0,0,0,219,248,6,589,1181,30,20,504,505,56,6,310,1182,266,109,8,186,6,279,29,120,365,434,51,1183,0
414,0,0,0,0,0,0,0,0,0,0,0,0,0,0,0,0,0,0,0,56,6,230,1,30,214,225,505,18,10,27,0
415,0,0,0,0,0,0,0,0,0,0,0,0,0,0,0,0,2,22,109,211,9,19,118,190,29,7,38,5,1,66,1
416,0,0,0,0,0,0,0,0,0,0,0,0,0,0,0,0,0,0,0,0,0,0,0,91,296,78,203,11,443,1184,1
417,0,0,0,0,0,0,0,0,0,0,0,0,0,0,0,0,0,7,5,1,102,9,52,26,20,41,111,33,1185,119,0
418,0,0,0,0,0,0,0,0,0,0,0,0,0,0,689,5,13,149,35,5,15,1186,3,23,22,8,1187,69,23,188,0
419,0,0,0,0,0,0,0,0,0,0,0,0,0,0,0,0,0,0,0,0,0,0,1,320,690,62,105,18,7,336,0
420,0,0,0,0,0,0,0,0,0,0,0,0,0,0,0,0,0,0,0,0,0,0,0,0,0,0,57,5,21,74,1
421,0,0,0,0,0,0,0,0,0,0,0,0,0,0,0,0,0,0,0,0,0,0,0,46,146,1,138,370,2,108,0
422,0,0,0,0,0,0,0,0,0,0,0,0,0,0,691,3,2,1188,8,73,1189,1,1190,299,692,4,41,18,45,9,0
423,0,0,0,0,0,0,0,0,0,0,0,0,0,0,0,0,0,64,151,4,14,91,1191,1192,14,48,3,4,161,131,1
424,0,0,0,0,0,0,0,0,0,0,0,0,0,0,0,73,1,460,297,10,208,196,64,13,74,1193,12,1,1194,1195,0
425,0,0,0,0,0,0,0,0,0,0,506,2,82,1196,8,22,6,9,113,41,36,10,1197,3,409,19,3,222,16,115,1
426,0,0,0,0,0,0,0,0,0,0,0,0,0,0,0,0,0,0,0,0,0,256,134,18,9,43,252,341,47,4,1
427,0,0,0,0,0,0,0,0,0,0,0,390,1198,94,7,157,1199,5,20,4,62,166,391,1200,318,19,1,36,249,693,0
428,0,0,0,0,0,0,0,0,0,0,0,0,0,0,0,0,0,0,0,0,0,0,0,0,0,0,0,32,62,105,1
429,0,0,0,0,0,0,0,0,0,0,0,0,0,0,0,0,0,0,10,1201,41,1202,1203,12,459,18,1204,187,498,692,1
430,0,0,0,0,0,0,0,0,0,0,0,0,0,0,0,0,0,0,0,0,0,0,0,0,0,0,0,0,464,1205,1
431,0,0,0,0,0,0,0,0,0,0,0,0,0,0,0,0,0,0,4,1206,10,125,9,140,392,69,2,1207,1,93,1
432,0,0,0,0,0,0,0,0,0,0,0,0,0,0,0,0,0,0,0,0,0,0,0,0,0,0,0,0,183,25,0
433,0,0,0,0,0,0,0,0,0,0,0,0,0,0,0,0,0,0,0,0,0,0,2,171,60,7,1208,276,1209,9,1
434,0,0,0,0,0,0,0,0,0,0,0,0,0,0,0,0,29,4,61,68,90,115,3,321,51,77,9,52,26,258,1
435,0,0,0,0,0,0,0,0,0,0,0,0,0,0,0,0,0,0,0,0,0,0,0,0,0,0,0,694,257,392,0
436,0,0,0,0,0,0,0,0,0,0,0,0,0,0,0,0,0,0,2,1210,2,106,304,1,208,3,68,205,10,85,0
437,0,0,0,0,0,0,0,0,0,0,0,0,0,0,0,0,0,0,0,0,0,0,0,0,0,0,1211,135,28,16,1
438,0,0,0,0,0,0,0,0,0,0,2,109,8,188,18,4,11,311,311,476,292,3,1,30,42,55,615,1212,3,695,0
439,0,0,0,0,0,0,0,0,49,23,46,246,4,74,122,31,143,1,208,389,14,38,1213,1214,42,13,60,7,8,262,0
440,0,0,0,0,0,0,0,0,0,0,0,0,0,0,0,0,0,0,0,0,0,0,0,0,0,0,0,0,15,1215,0
441,0,0,0,0,0,0,0,0,0,0,2,507,22,669,6,1216,29,2,42,13,1217,378,4,143,96,12,1,1218,25,696,0
442,0,0,0,0,0,0,0,0,0,0,0,0,0,0,0,0,0,0,104,119,7,48,74,201,3,5,15,263,8,697,0
443,0,0,0,0,0,0,0,0,0,0,0,0,0,0,0,0,0,0,0,0,0,0,0,1219,10,9,8,47,78,346,1
444,0,0,0,0,0,0,0,0,0,0,0,0,2,42,60,698,1,200,1220,575,76,113,28,665,14,10,699,508,236,700,1
445,0,0,0,0,0,0,0,0,0,0,0,0,0,0,0,0,0,2,1221,1,253,3,197,7,38,8,55,1,66,264,1
446,0,0,0,0,0,0,0,0,0,0,0,0,0,0,0,0,0,0,0,0,0,0,0,0,0,0,0,61,13,152,0
447,0,0,0,0,0,0,0,0,0,0,0,0,0,0,0,0,0,0,0,0,0,0,0,0,0,15,112,14,7,24,1
448,0,0,0,0,0,0,0,0,0,0,1,180,509,5,221,1222,1223,1224,39,133,3,1,148,25,5,53,11,6,148,9,1
449,0,0,0,0,0,0,0,0,0,0,0,0,0,0,0,0,0,0,0,0,480,62,393,122,2,87,212,94,7,27,0
450,0,0,0,0,0,0,0,0,0,0,0,0,0,64,462,2,197,7,24,18,184,4,5,322,8,246,4,510,287,276,1
451,0,0,0,0,0,0,0,0,0,0,0,0,0,0,0,0,0,0,0,0,0,0,0,0,0,0,1225,3,4,28,1
452,0,0,0,0,0,0,0,0,0,0,0,0,0,0,0,0,0,10,1226,2,101,68,16,1227,189,511,29,346,5,16,1
453,0,0,2,95,1228,488,4,258,2,214,8,1229,3,512,121,337,546,3,1230,3,688,20,4,72,26,701,343,19,1,1231,0
454,0,0,0,0,0,0,0,0,52,73,26,139,14,1,9,702,1,1232,1233,19,113,2,323,275,4,18,3,97,121,143,0
455,0,0,0,0,0,0,0,0,0,0,0,0,0,0,0,0,0,0,0,0,0,0,13,21,69,703,6,1234,65,704,0
456,0,0,0,0,0,0,0,0,0,0,0,0,0,0,0,0,0,0,0,0,0,0,0,0,0,1235,1236,3,25,24,1
457,0,0,0,0,0,0,0,0,0,0,0,0,0,0,0,0,0,0,0,0,0,0,0,0,0,0,0,71,1237,349,1
458,0,0,0,0,0,0,0,0,0,0,0,0,0,0,0,0,0,0,0,0,0,15,39,119,3,161,10,1238,1239,252,1
459,0,0,0,0,0,0,0,0,0,0,0,0,0,0,0,0,0,0,0,0,0,0,0,0,0,0,0,0,206,9,0
460,0,0,0,0,0,0,0,0,0,0,0,0,0,0,0,0,0,0,0,0,0,0,0,0,0,0,0,1240,30,207,0
461,0,0,0,0,0,0,0,0,0,0,0,0,0,0,0,0,0,0,0,0,0,0,0,0,219,42,60,80,8,316,1
462,0,0,0,0,0,0,0,0,0,0,0,0,0,0,0,0,0,0,0,0,0,233,68,1,226,8,43,14,10,513,0
463,0,0,0,0,0,0,0,0,0,0,0,0,0,0,0,0,0,0,0,0,0,0,0,0,0,0,0,0,0,165,0
464,0,0,0,0,0,0,0,0,0,0,0,0,0,0,0,0,0,0,0,0,0,0,0,0,0,0,0,110,202,321,0
465,0,0,0,0,0,0,0,0,0,0,0,0,0,0,0,0,0,0,0,0,0,0,0,0,0,0,1,30,28,16,1
466,0,0,0,0,0,0,0,0,0,0,0,0,0,0,0,0,0,0,0,0,0,0,0,0,58,1241,1242,18,7,38,0
467,0,0,0,0,0,0,0,0,0,0,0,0,0,0,0,0,0,0,0,0,0,0,0,0,0,0,15,165,19,1243,0
468,0,0,0,0,0,0,0,0,0,0,0,0,0,0,2,246,7,1244,3,33,114,485,55,705,7,9,3,427,1245,1246,0
469,0,0,0,0,0,0,0,0,0,0,0,0,0,0,0,0,0,0,0,0,0,0,0,0,0,166,16,3,5,288,1
470,0,0,0,0,0,0,0,0,0,0,0,0,2,22,26,394,67,11,76,65,274,190,101,3,2,82,175,112,14,4,1
471,0,0,0,0,0,0,0,0,0,0,0,0,0,0,0,0,0,0,0,0,0,0,0,1,1247,1248,5,263,3,706,0
472,0,0,0,0,0,0,0,0,0,0,0,0,0,0,0,0,0,0,0,0,0,302,2,344,309,20,504,19,10,40,0
473,0,0,0,0,0,0,0,0,0,0,0,0,0,0,0,0,0,0,0,0,0,0,0,0,0,0,16,226,11,548,1
474,0,0,0,0,0,0,0,0,0,0,0,0,0,0,0,0,0,0,0,0,0,0,0,0,0,1,1249,17,18,54,1
475,0,0,0,0,0,0,0,0,0,0,0,0,0,0,0,0,0,0,0,0,0,0,0,0,0,0,15,105,8,37,1
476,0,0,0,0,0,0,0,0,0,0,0,0,0,0,0,0,0,0,0,0,493,19,1,40,46,37,14,380,1250,1251,0
477,0,0,0,0,0,0,0,0,0,0,0,0,0,0,0,0,0,0,1,141,707,1252,70,12,1,208,8,6,1253,1254,0
478,0,0,0,0,0,0,0,0,0,4,355,6,130,11,6,142,54,5,477,99,514,1255,1256,3,1,25,12,35,5,611,1
479,0,0,0,0,0,0,0,0,0,0,0,0,0,0,0,0,0,0,0,0,0,0,0,0,0,368,47,8,304,4,0
480,0,0,0,0,0,0,0,0,0,0,0,0,0,0,1,349,5,62,708,19,1257,3,5,277,133,2,46,283,77,139,1
481,0,0,0,0,0,0,0,0,0,0,0,0,0,0,0,0,1258,1259,209,34,263,8,709,95,411,192,1260,1261,34,238,0
482,0,0,0,0,0,0,0,0,0,0,0,0,0,0,0,0,0,0,0,0,0,0,0,56,270,1262,80,710,43,16,1
483,0,0,0,0,0,0,0,0,0,0,0,0,0,0,0,0,0,0,0,0,0,0,0,0,0,0,23,515,1263,4,1
484,0,0,0,0,0,0,0,0,0,0,0,0,0,0,0,0,0,0,0,0,0,0,0,0,0,0,2,79,7,9,1
485,0,0,0,0,0,0,0,0,0,0,0,0,0,0,0,0,0,0,0,0,0,0,0,0,0,0,0,0,6,302,0
486,0,0,0,0,0,0,0,0,0,0,0,0,0,0,0,0,0,0,0,0,0,0,0,0,0,0,32,13,711,712,0
487,0,0,0,0,0,0,395,1,713,8,350,293,23,34,714,6,167,5,6,391,303,306,3,7,9,5,1264,19,20,1265,0
488,0,0,0,0,0,0,0,0,0,0,0,0,0,0,0,0,0,97,2,715,11,1,138,9,95,20,26,1,138,144,0
489,0,0,0,0,0,0,0,0,0,0,0,0,0,0,0,0,0,7,516,19,1,9,204,373,1266,63,1267,141,65,1268,0
490,0,0,0,0,0,0,0,0,0,0,0,0,0,0,0,0,0,0,0,0,0,0,0,0,0,0,0,7,561,447,1
491,0,0,0,0,0,0,0,0,0,0,0,0,0,4,5,437,488,59,11,37,31,6,201,1269,1270,3,1271,19,396,1272,1
492,0,0,0,0,0,0,0,0,0,0,0,2,42,284,60,1,200,1273,11,396,412,34,234,11,484,321,3,6,16,57,1
493,0,0,0,0,0,0,0,0,0,0,0,0,0,0,0,0,0,0,0,2,26,193,76,190,382,3,62,1274,192,67,1
494,0,0,0,0,0,0,0,0,0,0,0,0,0,0,0,0,0,0,0,0,0,0,0,0,0,0,175,136,12,207,0
495,0,0,0,0,0,0,0,0,0,0,0,0,0,0,0,0,0,0,0,0,0,0,0,0,0,153,17,1,716,509,0
496,0,0,0,0,0,0,0,0,0,0,0,0,0,0,0,0,0,0,0,0,0,0,0,0,0,0,0,28,31,717,1
497,0,0,0,0,0,0,0,0,0,0,0,0,0,0,0,0,0,0,0,676,45,85,52,26,7,89,11,1275,174,101,0
498,0,0,0,0,0,0,0,0,0,0,0,0,0,0,0,0,0,0,0,0,0,0,0,0,0,0,0,0,122,123,0
499,0,0,0,0,0,0,0,0,0,0,0,0,0,0,0,0,0,0,0,0,0,0,0,0,0,0,0,39,64,388,1
500,0,0,0,0,0,0,0,0,0,0,0,0,0,0,0,0,1,1276,517,1277,5,1278,113,5,15,303,11,6,1279,1280,1
501,0,0,0,0,0,0,0,0,0,0,0,0,0,0,0,0,0,0,0,0,0,0,0,0,7,30,5,91,53,356,1
502,0,0,0,0,0,0,0,0,0,0,0,0,0,0,0,0,0,0,0,0,0,0,0,0,0,0,0,0,718,317,0
503,0,0,0,0,0,0,0,0,0,0,0,0,0,0,0,0,0,0,0,0,2,42,22,518,58,719,49,2,17,366,0
504,0,0,0,0,0,0,0,0,0,0,0,0,0,0,0,0,0,0,0,0,0,2,178,573,3,4,161,131,14,128,1
505,0,0,0,0,0,0,0,0,0,0,0,1,35,25,11,1,135,5,1281,23,34,19,6,62,576,460,23,454,145,393,0
506,0,0,0,0,0,0,0,0,0,0,0,0,0,0,0,0,0,0,0,0,0,0,2,42,13,60,7,89,8,262,0
507,0,0,0,0,0,0,0,0,0,0,0,0,0,0,0,0,0,0,1,519,20,281,108,13,441,1,1282,19,1,1283,0
508,0,0,0,0,0,0,0,0,0,0,0,0,0,0,0,0,0,0,0,0,0,0,0,0,0,0,1284,139,63,36,1
509,0,0,0,0,0,0,0,0,0,0,0,0,0,0,0,0,0,0,31,91,1285,720,1286,153,19,7,83,3,393,1287,0
510,0,0,0,0,0,0,0,0,0,0,0,0,0,0,0,0,0,0,0,0,7,1288,9,295,5,668,3,15,1289,721,1
511,0,0,0,0,0,0,0,0,23,191,293,49,23,1290,4,322,133,65,1,140,601,12,383,11,1,1291,23,242,65,13,0
512,0,0,0,0,0,0,0,0,0,0,0,0,1,35,5,149,3,1,164,2,188,8,18,4,34,722,63,1,25,74,1
513,0,0,0,0,0,0,0,0,2,137,1,1292,48,11,10,78,520,1293,3,4,81,62,1294,41,1295,10,1296,252,33,129,1
514,0,0,0,0,0,0,0,0,0,0,0,0,0,0,0,0,0,0,0,0,0,0,0,0,0,15,21,24,39,119,1
515,0,0,0,0,0,0,0,0,0,0,0,0,0,0,0,0,0,0,0,0,0,0,0,553,9,1297,34,6,334,22,1
516,0,0,0,0,0,0,0,0,0,0,0,0,0,0,2,82,15,170,14,1,290,20,160,108,18,1,1298,12,7,9,1
517,0,0,0,0,0,2,248,10,1299,39,247,1,285,723,176,17,19,21,159,357,3,506,2,82,15,655,8,22,7,1300,1
518,0,0,0,0,0,0,0,0,0,0,0,0,0,0,0,0,0,0,0,0,0,0,0,0,1,9,5,277,3,1301,1
519,0,0,0,0,0,0,0,0,0,0,0,0,0,0,0,2,82,13,170,14,7,3,2,42,13,60,7,89,8,262,0
520,0,0,0,0,0,0,0,0,0,0,0,10,72,724,5,1,1302,35,141,5,6,189,183,95,69,512,59,8,1303,213,0
521,0,0,0,0,0,0,0,0,0,0,0,0,0,0,0,0,1304,143,8,184,11,315,1,725,2,240,11,6,21,57,1
522,0,0,0,0,0,0,0,0,0,0,0,0,0,0,0,2,726,59,1305,4,18,1,1306,12,10,1307,65,205,1308,424,1
523,0,0,0,0,0,0,0,0,0,0,0,0,0,2,26,8,236,8,6,397,3,100,6,78,231,9,113,5,159,16,1
524,0,0,0,0,0,0,0,0,0,0,0,0,0,0,0,0,0,0,0,0,0,0,0,0,0,0,0,0,28,16,1
525,0,0,0,0,0,0,0,0,0,0,0,0,0,0,0,0,0,0,0,0,0,0,0,0,0,0,0,0,62,1309,0
526,0,0,0,0,0,0,0,0,0,0,0,0,0,0,0,0,0,0,0,0,0,0,0,0,206,26,8,707,274,383,0
527,0,0,0,0,0,0,0,0,0,0,0,0,0,0,0,0,0,0,0,0,0,0,0,0,0,1,517,1310,5,1311,1
528,0,0,0,0,0,0,0,0,0,0,0,0,0,0,0,0,0,0,0,0,0,0,0,0,0,0,0,58,260,1312,0
529,0,0,0,0,0,0,0,0,0,0,0,0,0,0,0,0,0,0,0,0,0,0,0,0,0,0,265,30,21,88,1
530,0,0,0,0,0,0,0,0,0,0,0,0,0,0,0,0,0,0,0,0,0,0,0,0,319,59,1,21,43,184,1
531,0,0,0,0,0,0,0,0,0,0,0,0,0,0,0,0,0,0,0,0,0,0,0,0,104,1313,8,521,65,398,0
532,0,0,0,0,0,0,0,0,395,32,105,8,727,1314,128,14,1,1315,194,49,23,727,1316,1,9,8,45,385,126,728,0
533,0,0,0,0,0,0,0,0,0,0,0,0,0,0,0,0,0,0,0,33,2,605,1317,10,85,70,1,1318,11,393,0
534,0,0,0,0,0,0,0,0,0,0,0,0,0,0,0,0,0,0,0,0,0,0,0,0,0,0,16,48,3,57,1
535,0,0,0,0,36,4,729,17,38,522,44,94,582,1319,730,1,1320,1321,3,4,17,1322,82,13,170,3,2,82,13,1323,0
536,0,0,0,0,0,103,301,5,21,6,124,173,382,2,343,10,9,19,1,1324,137,6,167,3,1325,1,731,187,6,1326,1
537,0,0,0,0,0,0,0,0,0,0,0,0,0,0,0,0,0,0,0,201,599,593,234,1327,449,14,1328,634,19,338,1
538,0,0,0,0,0,0,0,0,0,0,0,0,1,732,1329,1,35,1330,162,45,40,3,733,8,1331,1,35,141,3,321,1
539,0,0,0,0,0,0,0,0,0,0,0,0,0,0,0,0,0,0,0,0,324,12,1,78,1332,22,92,232,81,1333,0
540,0,0,0,0,0,0,0,0,0,0,0,0,0,0,0,0,0,0,0,0,0,0,0,0,2,82,462,2,354,4,1
541,0,0,0,0,0,0,0,0,0,0,0,0,0,0,0,0,0,0,0,0,0,0,52,1334,734,132,96,12,7,680,0
542,0,0,0,0,0,0,0,0,0,0,0,0,0,0,0,0,427,10,9,5,718,29,164,325,145,50,69,2,37,7,0
543,0,0,0,0,0,0,0,0,0,0,0,0,0,0,0,0,0,0,0,0,0,0,0,0,0,0,46,88,7,24,0
544,0,0,0,0,0,0,0,0,0,0,0,0,0,0,0,0,0,0,0,1335,215,12,1,608,61,13,43,14,10,9,0
545,0,0,0,0,0,0,0,0,58,1336,58,1337,58,1338,13,95,6,1339,1340,156,55,84,497,14,10,78,38,11,1,1341,1
546,0,0,0,0,0,0,0,0,0,0,0,0,0,0,0,0,0,127,226,92,109,49,2,106,503,7,1342,666,2,42,0
547,0,0,0,0,0,0,0,0,0,0,0,0,0,0,0,0,0,0,500,8,146,6,167,18,80,5,91,1343,19,1344,0
548,0,0,0,0,0,0,0,0,0,0,0,0,0,0,1,48,5,6,663,136,12,320,3,41,58,429,65,364,423,658,0
549,0,0,0,0,0,0,0,0,0,2,399,6,200,1345,3,17,15,112,14,4,29,1,35,25,318,1346,18,7,5,90,1
550,0,0,0,0,0,0,0,0,0,0,0,0,0,0,0,0,0,0,0,0,0,2,79,1,148,32,62,175,21,25,1
551,0,0,0,0,0,0,0,0,0,0,0,0,0,0,0,0,0,0,0,0,0,0,0,0,629,23,11,444,16,67,1
552,0,0,0,0,0,0,0,0,0,0,0,0,0,0,0,0,0,0,0,0,0,0,0,0,0,0,32,6,1347,1348,1
553,0,0,0,0,0,0,0,0,0,0,0,0,0,0,0,0,1,376,5,15,1349,3,1350,2,42,284,88,44,128,143,1
554,0,0,0,0,0,0,0,0,0,0,0,0,0,0,0,0,2,503,1351,311,1352,114,1353,1354,3,1355,128,12,7,1356,0
555,0,0,0,0,0,0,0,0,0,0,0,0,0,0,0,0,0,0,0,0,0,0,0,0,0,0,0,0,32,1357,0
556,0,0,0,0,0,0,0,0,0,0,0,0,0,0,0,0,0,0,0,0,0,0,0,0,0,16,24,11,1,57,1
557,0,0,0,0,0,0,0,0,0,0,0,0,2,22,354,80,11,224,375,3,1358,3,36,1359,192,321,3,438,12,37,1
558,0,0,0,0,0,0,0,0,0,0,0,0,0,0,0,0,0,0,0,0,1360,496,447,3,33,61,7,181,189,9,1
559,0,0,0,0,0,0,0,0,0,0,0,0,0,0,0,0,0,0,0,0,0,0,324,12,4,28,75,46,88,4,0
560,0,0,0,0,0,0,0,0,0,0,0,0,1361,183,25,35,3,1,1362,250,1,1363,1364,17,487,437,1365,3,1366,121,0
561,0,0,0,0,0,0,0,0,0,0,0,0,0,0,0,0,0,0,0,0,0,0,0,0,0,735,46,117,45,85,0
562,0,0,0,0,0,0,0,0,0,0,0,0,0,0,0,0,0,0,0,0,0,36,19,36,64,232,388,14,7,123,1
563,0,0,0,0,0,0,0,0,0,0,0,0,0,0,0,49,23,34,234,11,6,21,25,160,27,319,234,7,1367,4,0
564,0,0,0,0,0,0,0,0,0,0,0,0,0,0,0,0,0,0,0,0,415,1368,1369,8,37,1,138,1370,83,154,0
565,0,0,0,0,0,0,0,0,0,0,0,0,0,0,0,0,0,0,0,0,0,0,0,0,0,0,0,0,1371,516,0
566,0,0,0,0,0,0,0,0,0,0,0,0,0,0,0,0,0,0,0,0,0,0,0,0,0,0,0,0,706,154,0
567,0,0,0,0,0,0,0,0,0,0,0,16,4,17,78,435,71,28,21,58,139,3,4,261,19,254,54,97,2,369,1
568,0,0,0,0,0,0,0,0,0,0,0,0,0,0,0,0,0,0,0,0,0,0,0,0,0,0,0,0,16,24,1
569,0,0,0,0,0,0,0,0,0,0,0,0,0,0,0,0,0,0,0,0,0,0,0,0,0,32,6,136,12,317,0
570,0,0,0,0,0,0,10,479,17,169,7,17,10,1372,103,27,3,126,4,17,150,84,99,51,10,186,200,113,2,1373,0
571,0,0,0,0,0,0,0,0,0,0,0,0,0,0,0,0,0,0,0,0,0,0,0,0,0,7,1374,36,1,139,1
572,0,0,0,0,0,0,0,0,0,0,0,0,0,0,0,0,0,0,0,0,0,0,0,0,0,0,0,0,127,92,0
573,0,0,0,0,0,0,0,0,0,0,0,0,0,0,0,0,0,0,0,0,0,0,0,0,0,0,2,82,15,112,1
574,0,0,0,0,0,0,0,0,0,0,0,0,0,0,0,52,26,58,430,1375,1,253,1376,400,65,1377,77,12,1,1378,1
575,0,0,0,0,0,0,0,0,0,0,0,0,0,0,0,0,0,0,2,87,736,92,145,18,4,3,82,1379,577,98,0
576,0,0,0,0,0,0,0,0,0,0,0,0,0,0,0,0,0,0,0,0,0,0,0,0,1,30,147,5,171,1380,0
577,0,0,0,0,0,0,0,0,0,0,0,0,0,0,0,0,0,0,0,0,0,0,0,0,0,20,229,5,6,737,0
578,0,0,0,0,0,0,0,0,0,0,0,0,0,0,0,0,0,0,0,0,0,0,4,61,176,1,463,401,4,42,1
579,0,0,0,0,0,0,0,0,0,0,0,0,0,0,0,1381,8,7,1382,18,256,167,2,17,738,8,1383,151,7,27,0
580,0,0,0,0,0,0,0,0,0,0,0,4,28,16,14,6,93,83,318,49,23,325,153,19,118,1384,63,1,138,54,1
581,0,0,193,565,351,1385,10,523,6,124,1386,324,12,113,81,3,2,726,59,315,8,86,6,322,1387,1388,70,36,10,314,0
582,0,0,0,0,0,0,0,0,0,0,0,0,0,0,0,0,0,0,0,0,0,0,0,0,202,25,251,1389,218,132,0
583,0,0,0,0,4,1390,1391,51,77,158,524,12,7,509,1,57,5,33,183,20,215,42,163,1,25,5,492,209,32,13,1
584,0,0,0,0,0,0,0,0,0,0,0,0,0,0,0,0,0,0,0,0,0,0,0,0,0,0,0,90,51,369,1
585,0,0,0,0,0,0,0,4,280,487,1392,1,1393,34,263,8,1394,3,1,194,34,33,1395,20,4,5,263,8,681,128,0
586,0,0,0,0,0,0,0,0,0,0,0,0,0,0,0,0,0,0,0,0,0,0,0,0,0,30,5,739,59,39,1
587,0,0,0,0,0,0,0,0,0,0,0,0,0,0,0,0,0,0,0,0,0,73,263,8,255,1396,60,1397,7,24,0
588,0,0,0,0,0,0,0,0,0,0,0,0,0,0,0,0,2,72,109,4,118,173,3,4,510,323,105,8,145,14,0
589,0,0,0,0,0,0,2,137,1,93,83,3,13,95,56,6,279,1,83,17,1398,214,8,153,4,19,3,4,267,1399,0
590,0,0,0,0,0,0,0,0,0,0,0,0,0,0,0,0,0,0,0,0,0,0,0,0,0,0,525,169,182,67,0
591,0,0,0,0,0,0,0,0,0,0,0,0,0,0,0,0,0,0,0,0,0,0,0,0,1400,8,10,9,187,1401,1
592,0,0,0,0,0,0,0,0,0,0,0,0,0,0,0,0,0,0,0,0,0,0,0,0,0,0,104,34,33,177,1
593,0,0,0,0,0,0,0,0,0,0,0,0,0,0,0,0,0,0,0,0,0,0,0,0,0,0,0,105,8,37,1
594,0,0,0,0,0,0,0,0,0,0,0,0,0,0,0,0,0,0,0,0,0,0,0,0,0,0,0,90,51,78,1
595,0,0,0,0,0,0,0,0,0,0,0,0,0,0,0,0,0,0,0,98,1402,50,8,68,7,207,2,22,58,1403,0
596,0,0,0,0,0,0,0,0,0,0,0,0,0,0,0,0,0,0,0,0,0,0,0,0,0,0,0,136,12,1404,0
597,0,0,0,0,0,0,0,0,0,0,0,0,0,0,0,0,0,0,0,0,0,0,0,0,0,0,6,175,21,24,1
598,0,0,0,0,0,0,0,0,0,0,0,0,0,0,0,0,0,0,0,0,0,0,0,0,0,7,5,6,16,9,1
599,0,0,0,0,0,0,0,0,0,0,0,0,0,0,0,11,1,57,18,184,4,5,91,53,24,113,2,42,171,60,1
600,0,0,0,0,0,0,0,0,0,0,0,0,0,0,0,0,0,0,0,0,192,1405,3,1406,1407,363,1408,98,1409,1410,1
601,0,0,0,0,0,0,0,0,0,0,0,0,0,0,0,0,0,0,0,1,260,1411,5,1,141,3,12,1412,4,740,0
602,0,0,0,0,0,0,0,0,0,0,0,0,0,0,0,0,0,0,0,0,0,0,0,396,157,34,159,75,131,101,1
603,0,0,0,0,0,0,0,0,0,0,0,0,0,0,0,0,0,0,0,0,0,0,2,82,84,51,112,14,7,24,1
604,0,0,0,0,0,0,0,0,0,0,0,0,0,0,0,0,0,0,0,0,0,0,0,0,0,0,0,0,110,436,0
605,0,0,0,0,0,0,0,0,0,0,0,0,0,0,0,0,0,0,0,0,0,0,0,0,0,0,0,7,5,1413,0
606,0,0,0,0,0,0,0,0,0,0,0,0,0,0,0,0,0,0,0,0,506,2,42,60,7,9,168,1,78,1414,1
607,0,0,0,0,0,0,0,0,0,0,0,0,0,0,0,0,0,0,0,0,0,0,0,0,0,525,1415,11,7,67,0
608,0,0,0,0,0,0,0,0,0,0,0,0,0,0,0,0,0,0,0,4,5,181,3,4,526,3,203,75,31,181,0
609,0,0,0,0,0,0,0,0,0,0,0,0,0,0,0,0,0,0,0,0,0,4,161,10,40,39,3,5,99,18,1
610,0,0,0,0,0,0,0,0,0,0,0,0,0,0,0,0,0,0,0,0,0,0,0,4,107,43,19,1416,65,1417,0
611,0,0,0,0,0,0,0,0,0,0,0,0,0,0,0,0,1418,7,8,45,313,114,1419,146,23,526,47,741,1420,1421,1
612,0,0,0,2,47,154,3,203,12,200,1422,1,40,195,3,1423,5,175,1424,8,178,1425,292,6,402,187,1426,19,1,40,1
613,0,0,0,0,0,0,0,2,17,722,63,1,742,1427,12,1,118,266,380,125,9,710,3,3,63,6,1428,12,1,57,1
614,0,0,0,0,0,0,0,0,0,0,0,0,0,0,1,127,9,44,1429,7,1430,326,1431,5,1,127,2,22,92,1432,0
615,0,0,0,0,0,0,0,0,0,0,0,0,0,0,0,0,1,83,81,11,94,6,279,3,97,225,1433,270,10,9,0
616,0,0,0,0,0,0,0,0,0,0,0,0,0,0,0,0,0,0,0,0,0,0,0,0,0,0,0,0,110,24,0
617,0,0,0,0,0,0,0,0,0,0,0,0,0,0,0,0,0,0,0,0,0,0,0,0,209,2,527,227,90,342,0
618,0,0,0,0,0,0,0,0,0,0,23,240,118,305,8,743,1,1434,226,1435,5,1436,308,3,325,1437,14,78,226,1438,0
619,0,0,0,0,0,0,0,0,0,81,15,39,744,14,6,403,1439,3,31,6,683,27,18,10,418,151,6,528,103,1440,1
620,0,0,0,0,0,0,0,0,0,0,0,0,1441,149,12,7,24,3,236,14,1,1442,520,1443,1444,113,745,19,6,1445,0
621,0,0,0,0,0,0,0,0,0,0,0,0,0,0,0,0,0,0,0,0,0,0,0,86,13,88,86,13,1446,381,0
622,0,0,0,0,0,0,0,0,0,0,0,0,0,0,0,0,0,0,0,0,7,5,6,16,24,273,1447,151,45,1448,1
623,0,0,0,0,0,0,0,0,0,0,0,0,0,0,0,0,0,529,2,428,86,13,1449,4,5,371,32,1450,57,1451,0
624,0,0,0,0,0,0,36,1,158,327,52,198,1452,443,1453,56,6,124,174,29,7,38,347,8,55,19,11,1,142,1454,1
625,0,0,0,0,0,0,0,0,0,0,0,0,0,0,0,0,0,0,0,0,0,0,0,0,0,0,0,15,1455,346,0
626,0,0,0,0,0,0,0,0,0,0,0,0,0,0,0,0,46,146,1,138,370,20,2,108,3,735,46,88,7,9,0
627,0,0,0,0,0,0,0,0,0,0,0,0,0,0,0,0,0,7,9,507,39,55,1,127,52,92,26,19,77,746,0
628,0,0,0,0,0,0,0,0,0,0,48,17,84,65,254,91,404,20,2,1456,255,18,29,353,1457,96,4,489,10,40,0
629,0,0,0,0,0,0,0,0,0,0,0,0,0,0,0,0,2,60,630,8,262,14,278,746,125,1458,1459,19,1,375,1
630,0,0,0,0,0,0,0,0,0,0,0,0,0,0,0,0,0,0,0,0,0,0,0,0,46,643,236,8,1,397,0
631,0,0,0,0,0,0,0,0,2,1460,84,1461,1462,514,1,1463,65,249,9,29,2,22,1,550,747,3,32,6,16,299,1
632,0,0,0,0,0,0,0,0,0,0,0,0,0,0,2,108,13,22,77,144,14,7,89,3,42,357,4,143,49,527,1
633,0,0,0,0,0,0,0,0,0,0,0,0,0,0,0,0,0,0,0,0,0,0,23,68,98,23,530,11,2,1464,0
634,0,0,0,0,13,72,108,1,226,86,6,16,290,12,7,2,106,73,146,10,399,400,478,10,1465,1466,187,91,253,328,1
635,0,0,0,0,0,0,0,0,0,0,0,0,0,0,64,1467,7,5,6,21,25,93,83,3,480,13,150,748,94,4,1
636,0,0,0,0,0,0,0,0,0,0,0,0,0,0,0,0,0,0,0,0,0,0,0,0,0,0,0,80,34,1468,1
637,0,0,0,0,0,0,0,0,0,209,452,195,34,1469,13,21,11,260,54,673,47,1470,1471,220,1,217,1472,1473,50,59,0
638,0,0,0,0,0,0,0,2,109,1474,6,358,1475,23,87,246,18,1,1476,1477,314,8,1,1478,57,12,1,259,17,53,1
639,0,0,0,0,0,0,0,0,0,0,0,0,0,0,0,0,0,0,0,0,0,0,0,0,312,1479,44,6,21,1480,0
640,0,0,0,0,0,0,0,0,0,0,0,0,1481,405,1482,531,1483,35,3,1484,749,11,396,18,1,158,244,12,1,167,0
641,0,0,0,0,0,0,0,0,0,0,0,0,0,0,0,0,0,0,0,0,0,0,0,0,0,0,0,0,15,1485,1
642,0,0,0,0,0,0,0,0,0,0,0,0,0,0,0,0,363,104,22,6,169,182,67,33,23,68,98,23,530,11,0
643,0,0,0,0,0,104,86,13,186,461,29,5,13,1486,511,8,1487,8,743,3,1,35,5,150,90,51,316,2,22,198,1
644,0,0,0,2,1488,1,229,3,104,750,50,20,592,1,208,17,120,514,751,49,2,156,1489,10,1490,2,17,70,12,1491,0
645,0,0,0,0,0,0,0,0,0,0,0,0,0,0,1492,348,22,227,210,8,1493,6,122,9,11,6,1494,208,65,752,0
646,0,0,0,0,0,0,0,0,0,0,0,0,0,0,0,0,0,0,0,0,0,9,5,277,31,36,231,753,157,34,1
647,0,0,0,0,0,0,0,0,0,0,0,0,0,0,0,0,0,0,0,0,0,0,0,0,0,0,0,0,16,9,1
648,0,0,0,0,0,69,2,754,10,403,162,1,48,13,72,17,4,13,1495,29,116,17,6,179,12,404,644,18,1,682,0
649,0,0,0,0,0,0,0,0,0,0,0,0,0,0,0,0,0,0,0,0,0,0,0,0,0,0,0,0,64,289,1
650,0,0,0,0,0,0,0,0,0,0,0,0,0,0,0,0,0,0,0,0,0,0,0,0,0,0,0,30,5,169,0
651,0,0,0,0,0,0,0,0,0,0,0,0,0,0,0,0,0,0,2,197,1,24,8,55,105,8,451,59,3,37,1
652,0,0,0,0,0,0,0,0,0,0,0,0,0,0,1,372,18,7,5,74,562,65,74,1496,1497,1498,70,12,10,40,0
653,0,0,0,0,0,0,0,0,0,0,0,0,0,0,0,0,0,0,0,0,0,0,0,0,1499,317,35,25,5,169,0
654,0,0,0,0,0,0,0,0,0,0,0,0,0,0,0,0,0,0,1,83,281,247,1,1500,723,29,4,108,13,43,0
655,0,0,0,0,0,0,0,0,0,0,0,0,0,0,0,0,0,0,0,58,40,1501,527,32,1502,3,1,35,5,16,1
656,0,0,0,0,0,0,0,502,56,269,65,1503,383,1,755,12,1,1504,196,3,2,106,13,37,4,77,434,18,1,1505,0
657,0,0,0,0,0,1,501,300,28,131,29,97,1,93,756,8,757,1,1506,557,3,1,403,1507,2,120,1508,7,135,287,1
658,0,0,0,0,0,0,0,0,0,0,0,0,0,0,0,0,0,0,0,0,0,0,0,0,0,188,94,228,182,67,0
659,0,0,0,0,0,0,0,0,0,0,0,0,0,0,0,0,0,0,0,0,0,0,0,0,4,646,74,199,3,531,0
660,0,0,0,0,0,0,0,0,0,0,7,61,13,152,1,520,1509,1510,3,4,196,1,102,54,2,198,8,153,4,19,0
661,0,0,0,0,0,0,0,0,0,0,0,0,0,0,0,0,0,0,0,0,64,112,94,7,123,21,25,3,183,57,1
662,0,0,0,0,0,0,0,0,0,0,0,0,0,0,0,0,0,0,0,0,0,2,79,1,203,3,526,12,326,1511,1
663,0,0,0,0,0,0,0,0,0,0,0,0,0,0,0,0,0,0,32,1512,3,15,465,1,337,5,6,15,71,299,1
664,0,0,0,0,0,0,0,0,0,0,0,0,0,0,0,0,0,0,0,0,0,0,0,0,61,176,4,348,3,84,1
665,0,0,0,0,0,0,0,0,0,0,0,0,0,0,0,0,0,0,0,0,0,0,0,0,2,106,13,60,80,84,0
666,0,0,0,0,0,0,0,0,0,0,0,0,0,0,0,0,0,0,0,0,0,0,0,0,0,0,0,0,71,35,1
667,0,0,0,0,0,0,0,0,0,0,0,0,0,0,0,0,0,0,166,21,19,1,241,29,7,48,17,6,590,302,0
668,0,0,0,0,0,0,0,0,0,0,0,0,0,0,0,0,0,0,150,254,51,1,406,2,17,237,8,398,4,14,1
669,0,0,0,0,0,0,0,0,0,0,0,0,0,0,0,0,0,0,0,0,0,0,0,0,0,0,449,214,15,1513,1
670,0,0,0,0,0,0,0,0,0,0,0,0,0,0,0,0,0,0,0,32,473,468,3,614,461,8,86,309,14,4,0
671,0,0,0,0,0,0,0,0,0,0,0,0,0,0,0,0,0,6,334,1514,11,262,1515,19,1,127,1516,12,1517,154,0
672,0,0,0,0,0,0,0,0,0,0,0,0,0,0,0,0,0,0,0,1,102,134,20,1518,17,20,1,1519,17,121,0
673,0,0,0,0,0,0,0,0,0,0,0,0,0,0,4,5,39,119,105,8,758,1,9,3,41,6,581,1520,313,336,1
674,0,0,0,0,0,0,0,0,0,0,0,0,0,0,0,0,0,97,2,26,8,1521,532,4,1522,220,4,1523,345,640,0
675,0,0,0,0,0,0,0,0,0,0,0,0,0,0,0,0,0,0,0,0,0,0,0,233,1524,400,44,6,759,567,0
676,0,0,0,0,0,0,0,103,61,13,43,9,1525,59,1526,75,760,59,3,101,4,75,155,132,1527,126,19,10,417,1528,0
677,0,0,0,0,0,0,0,0,0,0,0,0,0,0,0,0,0,0,0,0,0,0,0,0,0,0,0,0,1529,405,0
678,0,0,0,0,0,0,0,0,0,0,0,0,0,4,28,131,18,10,160,1530,1531,3,6,179,90,51,1,1532,30,108,1
679,0,0,0,0,0,0,0,0,0,0,0,0,0,0,0,0,0,1,141,11,1,1533,5,260,21,23,22,1534,172,243,1
680,0,0,0,0,0,0,0,0,0,0,0,0,0,0,0,0,0,0,0,0,0,0,0,3,324,12,1,761,5,1535,0
681,0,0,0,0,0,0,0,0,0,0,0,0,0,0,0,0,0,0,0,0,0,0,0,0,0,148,299,1536,5,405,0
682,0,0,0,7,24,5,568,13,1537,11,1538,54,2,46,491,172,177,4,166,49,23,233,654,6,167,5,1539,19,32,421,0
683,0,0,0,0,0,0,0,0,0,0,0,0,0,0,0,0,0,0,0,0,0,2,79,1,400,96,104,34,33,1540,1
684,0,0,0,0,0,0,0,0,0,0,0,0,0,0,0,0,0,0,0,0,0,0,0,0,0,0,0,762,1541,1542,0
685,0,0,0,0,0,0,0,0,0,0,0,0,0,0,0,0,0,0,0,0,0,0,0,105,8,414,14,10,326,125,1
686,0,0,0,0,0,0,0,0,0,0,0,0,0,0,0,0,0,0,0,1,342,216,1543,20,6,490,1544,106,55,109,0
687,0,0,0,0,0,0,0,0,0,0,0,0,0,0,0,0,0,2,42,547,8,13,123,7,89,4,191,81,15,39,0
688,0,0,0,0,0,0,0,0,0,0,0,0,0,0,0,0,0,74,122,23,22,8,530,59,8,6,664,11,1,67,0
689,0,0,0,0,0,0,0,0,0,0,0,0,0,0,0,0,0,0,0,0,0,0,0,0,0,0,0,0,28,39,1
690,0,0,0,0,0,0,0,0,0,0,0,0,0,0,0,0,0,0,0,1,231,1545,528,259,108,13,43,14,10,9,0
691,0,0,0,0,0,0,0,0,0,0,0,0,0,0,0,0,0,0,0,0,0,0,0,0,0,0,0,149,763,35,1
692,0,0,0,0,0,0,0,0,0,0,0,0,0,0,0,0,2,22,8,37,1,1546,450,419,29,4,1547,18,175,39,1
693,0,0,0,0,0,0,0,0,0,0,0,0,0,0,0,0,0,0,0,0,1,1548,724,2,22,5,1,30,1549,1550,0
694,0,0,0,0,0,0,0,0,0,0,0,0,0,1,154,507,55,1551,19,1552,29,2,106,13,1553,315,80,19,10,40,0
695,0,0,0,0,0,0,0,0,0,0,0,0,0,0,0,0,0,0,0,0,86,13,88,49,23,242,8,37,1,519,0
696,0,0,0,0,0,0,0,0,0,0,0,0,0,0,0,0,0,0,0,1,9,87,73,235,16,286,3,95,764,1554,1
697,0,0,0,0,0,0,0,0,0,0,0,0,0,0,0,0,0,0,0,0,0,0,0,0,4,107,146,23,203,177,0
698,0,0,0,0,0,0,0,0,0,0,0,0,0,0,0,0,0,0,0,96,224,239,34,1555,649,5,13,1556,63,36,1
699,0,0,0,0,0,0,0,99,152,23,240,45,27,8,55,99,11,63,556,91,765,63,6,54,49,13,11,91,1557,402,1
700,0,0,0,0,0,0,0,0,0,0,0,0,0,73,1,9,107,733,8,766,309,1558,1559,1560,1561,1562,185,1563,1564,352,0
701,0,0,0,0,0,0,0,0,0,0,0,0,0,0,0,0,0,0,0,0,0,0,0,23,233,1565,1,57,18,80,1
702,0,0,0,0,0,0,0,0,0,389,14,6,288,199,20,23,87,37,8,199,59,45,148,1566,3,95,760,1567,1568,428,1
703,0,0,0,0,0,0,0,0,0,0,0,0,0,0,0,0,0,0,0,0,0,0,0,0,0,0,367,3,28,39,1
704,0,0,0,0,0,0,0,0,0,0,0,0,0,0,0,0,0,0,0,0,0,0,0,0,0,0,0,33,75,588,0
705,0,0,0,0,0,0,0,0,0,0,0,0,0,0,0,2,79,7,259,4,767,50,8,1569,77,1570,135,8,10,418,1
706,0,0,0,0,0,0,0,0,0,0,0,0,0,0,0,0,0,0,0,0,33,262,1571,23,114,145,300,12,45,731,0
707,0,0,0,0,0,0,0,0,0,0,0,0,7,5,177,96,215,327,34,75,1572,116,1573,1,180,8,68,36,489,59,1
708,0,0,0,0,0,0,0,0,0,0,0,0,0,0,0,2,100,7,9,31,6,472,11,10,1574,3,22,1575,4,220,0
709,0,0,0,0,0,0,0,0,0,0,0,0,0,0,0,0,660,8,350,1576,1,266,30,44,1577,20,261,14,10,1578,1
710,0,0,0,0,0,0,0,0,0,0,0,0,0,0,0,0,0,0,0,0,0,0,233,397,309,29,9,1579,8,1580,0
711,0,0,0,0,0,0,0,4,365,254,51,1581,298,49,2,350,499,8,37,1,1582,445,41,1,138,9,14,1,138,144,0
712,0,0,0,0,0,0,0,0,0,0,0,0,0,0,0,0,0,0,0,0,0,0,0,0,0,0,0,0,110,25,0
713,0,0,0,0,0,0,0,0,0,0,0,0,0,0,0,0,0,0,0,0,0,0,0,0,200,40,657,1583,1,66,1
714,0,0,0,0,0,0,0,0,0,0,0,0,0,0,0,0,0,0,0,0,0,0,0,0,0,0,0,13,371,4,0
715,0,0,0,0,0,0,0,0,0,0,0,0,0,0,0,0,0,0,1,9,1584,225,3,101,2,22,8,68,4,1585,0
716,0,0,0,0,4,1586,159,56,368,109,4,11,94,1587,174,33,2,75,354,390,38,96,7,5,1,66,27,52,92,552,1
717,0,0,0,0,0,0,0,0,0,395,4,114,13,675,10,533,1588,534,1589,4,44,1590,768,1591,1592,1593,30,769,535,770,0
718,0,0,0,0,0,0,0,0,0,0,0,0,0,0,0,0,0,0,0,0,0,0,0,0,0,4,17,6,16,9,1
719,0,0,0,0,0,0,0,0,0,0,0,0,0,49,23,474,242,6,201,495,9,203,1594,31,1,404,1595,1596,34,1597,0
720,0,0,0,0,0,0,0,0,0,0,0,0,0,0,0,0,0,0,0,21,264,28,131,768,1598,528,93,65,769,535,1
721,0,0,0,0,0,0,0,0,0,0,10,9,107,1599,250,10,93,101,3,1,1600,1601,10,9,44,1602,70,12,10,771,1
722,0,0,0,0,0,0,0,0,0,0,0,0,0,0,0,0,0,0,0,0,7,5,474,1,66,103,27,11,35,25,1
723,0,0,0,0,0,0,0,0,0,0,0,0,163,4,168,69,23,439,8,399,7,1603,273,5,1,186,699,9,11,50,0
724,0,0,0,0,0,0,0,0,0,0,0,19,1,1604,12,91,765,2,26,118,164,1605,1606,5,20,1,78,9,18,1607,1
725,0,0,0,0,0,0,0,0,0,0,0,0,0,0,0,2,22,323,109,1608,195,3,1,1609,44,1,496,5,15,271,1
726,0,0,0,0,0,0,0,0,0,0,0,7,48,41,1610,1,38,230,1611,3,126,4,1612,1613,12,178,4,5,1614,1615,1
727,0,0,0,0,0,0,158,51,20,1,359,5,71,3,1616,1,152,5,15,1617,1,772,70,11,1,385,5,6,21,1618,1
728,0,0,0,0,0,0,0,0,0,0,0,0,0,0,0,0,0,0,0,4,41,176,2,240,3,2,156,596,11,84,1
729,0,0,0,0,0,0,0,0,0,0,0,0,0,0,0,0,0,0,56,714,3,151,1,24,11,75,76,173,4,196,0
730,0,0,0,0,0,0,0,0,7,24,5,16,4,155,159,6,179,384,2,87,236,8,1,1619,126,686,18,272,11,752,1
731,0,0,0,0,0,0,0,0,0,0,0,0,0,0,0,324,12,1,269,773,104,1620,14,1,27,42,257,19,10,239,0
732,0,0,0,0,0,0,0,0,0,0,0,0,0,0,0,0,0,0,0,0,0,0,0,394,41,1,66,182,67,1621,1
733,0,0,0,0,0,0,0,0,0,0,0,0,0,0,0,0,0,0,0,0,281,282,3,150,254,511,51,316,204,1622,1
734,0,0,0,0,0,0,0,0,0,0,0,0,0,0,0,0,0,219,22,198,76,1623,3,104,224,457,247,76,174,1624,0
735,0,0,0,0,0,0,0,0,0,0,0,0,0,0,0,0,0,0,0,0,0,0,0,1625,21,423,3,166,1626,74,1
736,0,0,0,0,0,0,0,0,0,0,0,0,0,0,0,0,0,0,0,0,0,0,0,0,0,0,0,1627,323,21,1
737,0,0,0,0,0,0,0,0,0,0,0,0,0,0,0,0,0,0,0,1,1628,5,711,712,3,155,4,105,1629,770,1
738,0,0,0,0,0,0,0,0,0,0,0,0,0,0,0,0,0,0,0,0,0,0,0,0,0,1,154,5,15,1630,1
739,0,0,0,0,0,0,0,0,0,0,0,0,0,0,0,0,0,0,0,0,0,0,0,0,2,16,115,36,1,54,1
740,0,0,0,0,0,0,0,0,0,0,0,0,0,0,0,0,0,0,0,0,0,0,0,0,2,42,171,60,7,24,1
741,0,0,0,0,0,0,0,0,0,0,0,0,0,0,0,0,0,0,0,0,156,37,1,208,14,704,13,21,19,1631,0
742,0,0,0,0,0,0,0,0,0,0,0,0,0,0,0,0,0,0,4,1632,13,43,215,12,1,54,14,10,231,1633,0
743,0,0,0,0,0,0,0,0,0,0,0,0,0,0,0,0,0,0,0,0,100,1634,11,1,83,113,196,1635,56,698,0
744,0,0,0,0,0,0,0,0,0,0,0,0,0,49,23,47,6,243,635,8,636,36,45,407,97,7,9,5,11,23,0
745,0,0,0,0,0,0,0,0,0,0,0,0,0,0,0,0,0,0,464,88,3,114,68,143,11,1636,10,774,9,5,1
746,0,0,0,0,0,0,0,0,0,0,0,0,0,0,0,0,0,0,0,0,0,0,0,257,392,44,7,397,55,606,0
747,0,0,0,0,0,0,0,0,0,0,0,0,0,0,0,0,0,0,0,0,0,0,7,1637,1638,501,9,524,5,296,1
748,0,0,0,0,0,0,0,0,0,0,0,0,0,0,0,0,0,0,0,0,0,0,0,0,0,0,0,61,13,152,0
749,0,0,0,0,0,0,0,0,0,89,281,282,3,28,16,14,10,1639,1640,326,1641,1642,9,3,482,1643,35,19,40,1644,1
750,0,0,0,0,0,0,0,0,0,0,4,5,199,41,1645,12,30,1646,3,5,15,1647,8,178,11,1648,544,1649,12,54,1
751,0,0,0,0,0,0,0,0,0,0,0,0,0,0,0,0,0,0,0,0,0,0,0,0,0,0,0,0,0,312,0
752,0,0,0,0,0,0,0,0,0,0,0,0,0,0,0,0,0,0,0,0,0,0,0,0,337,1650,5,105,8,37,1
753,0,0,0,0,0,0,0,0,0,0,0,0,0,0,0,181,29,1651,4,28,17,1652,1653,518,1,183,1654,12,7,89,1
754,0,0,0,0,0,0,0,0,0,1,148,18,1,9,448,55,109,31,6,1655,69,1656,368,391,55,151,6,1657,97,7,0
755,0,0,0,0,0,0,0,0,0,0,0,0,97,6,124,173,353,1,6,1658,12,1659,261,70,12,1,9,126,19,37,0
756,0,0,0,0,0,0,0,0,0,0,0,0,0,32,15,1660,3,238,8,37,222,290,604,155,1,93,1661,33,150,1662,1
757,0,0,0,0,0,0,0,0,0,0,0,0,0,0,0,0,0,0,0,0,0,0,0,1,1663,616,1664,1665,17,1666,0
758,0,0,0,0,0,0,0,0,0,0,0,0,0,0,0,0,0,0,0,0,0,0,0,1,35,25,5,53,31,39,1
759,0,0,0,0,0,0,0,0,0,0,0,0,0,0,0,0,0,0,0,0,0,0,0,32,1,66,27,2,22,109,1
760,0,0,0,0,0,0,0,0,0,0,0,0,0,0,0,0,0,0,0,0,0,0,0,0,0,0,0,42,13,1667,0
761,0,0,0,0,0,0,0,0,0,104,22,111,250,11,190,3,1668,1,1669,25,12,1670,180,775,20,2,22,197,8,776,1
762,0,0,0,0,0,0,0,0,0,0,0,0,0,0,0,0,0,0,0,0,0,0,0,0,0,0,75,98,2,386,1
763,0,0,0,0,0,0,0,0,0,0,0,0,0,0,0,0,0,0,0,7,566,693,42,13,43,14,10,160,508,1671,0
764,0,0,0,0,0,0,0,0,0,0,0,0,0,0,0,0,0,0,0,0,0,0,0,515,43,140,65,1672,11,50,0
765,0,0,0,0,0,0,0,0,0,0,0,0,0,0,0,19,1673,4,280,1674,166,31,49,1,9,5,36,367,181,320,0
766,0,0,0,0,0,0,0,29,101,20,4,5,70,12,751,1,138,139,1675,408,255,45,85,1676,1677,536,114,13,351,4,0
767,0,0,0,0,0,0,0,0,0,0,2,62,386,1,377,426,8,55,1,140,38,29,4,41,74,307,645,11,1678,21,0
768,0,0,0,0,0,0,0,0,0,0,0,0,0,0,0,0,0,0,0,0,0,0,0,0,0,0,0,0,16,24,1
769,0,0,0,0,0,0,0,0,0,0,0,0,0,0,0,0,0,0,0,0,0,0,0,0,0,0,0,763,3,149,1
770,0,0,0,0,0,0,0,0,0,0,0,0,0,0,0,0,0,0,0,0,56,1,102,130,345,237,505,56,476,298,0
771,0,0,0,0,0,0,0,0,0,0,0,0,0,0,0,0,0,0,0,0,0,15,181,320,1679,47,91,308,1680,1681,0
772,0,0,0,0,0,0,0,0,0,0,0,0,2,68,339,206,115,19,10,1682,297,14,158,157,2,22,13,26,7,144,0
773,0,0,0,0,0,0,0,0,0,0,0,0,0,0,0,0,0,0,0,0,0,0,0,0,1,115,41,111,1683,21,1
774,0,0,0,0,0,0,0,0,0,0,0,0,0,0,0,0,0,0,0,0,0,0,53,35,30,147,3,1684,8,1685,1
775,0,0,0,0,0,0,0,0,0,0,0,0,0,0,0,0,0,0,0,0,0,0,0,0,0,0,0,0,16,103,1
776,0,0,0,0,0,0,0,0,0,0,0,0,0,0,0,0,0,0,0,0,0,0,0,0,0,2,171,60,7,48,1
777,0,0,0,0,0,0,0,0,0,0,0,0,0,0,0,0,0,0,0,0,0,0,0,0,0,0,0,0,0,708,1
778,0,0,0,0,0,0,0,0,0,0,0,0,0,0,0,0,0,0,0,0,0,0,0,0,0,7,5,6,16,387,1
779,0,0,0,0,0,0,0,0,0,0,56,10,9,137,8,55,94,6,230,308,32,111,1686,740,534,150,491,18,10,300,0
780,0,0,0,0,0,0,0,0,0,0,0,0,0,0,0,0,0,0,0,0,0,0,0,2,82,1687,2,119,7,123,0
781,0,0,0,0,0,0,0,0,0,0,2,100,80,617,2,106,146,10,103,27,152,90,29,80,725,119,4,1688,8,178,0
782,0,0,0,0,0,0,0,0,0,403,3,394,1689,8,398,4,143,3,738,50,8,88,390,9,187,77,294,12,1690,1691,0
783,0,0,0,0,0,0,0,0,0,0,0,0,0,0,0,0,0,0,0,0,0,0,0,0,0,0,0,4,17,206,0
784,0,0,0,0,0,0,0,0,0,0,0,0,0,0,0,0,0,0,2,46,163,4,42,272,4,74,1692,18,45,313,0
785,0,0,0,0,0,0,0,0,0,0,0,0,0,0,7,767,1,1693,12,1694,1695,11,1,138,776,3,54,56,1,102,0
786,0,0,0,0,0,0,0,0,0,0,0,0,0,0,0,0,0,0,0,0,0,0,0,104,43,94,76,291,97,537,0
787,0,0,0,0,0,0,0,0,0,0,0,0,0,0,0,0,0,0,0,0,0,4,5,238,8,37,3,2,47,4,1
788,0,0,0,0,0,0,0,0,0,32,6,16,362,11,1696,1697,3,314,1698,55,273,8,37,1699,1700,11,1701,314,1702,516,1
789,0,0,0,0,0,0,0,0,0,0,0,0,0,0,0,0,0,0,0,0,2,233,37,7,48,96,1,661,5,1703,0
790,0,0,0,0,0,0,0,0,0,0,0,0,0,0,0,0,0,0,0,0,0,0,0,0,0,0,13,98,2,386,0
791,0,0,0,0,0,0,0,0,0,0,0,0,0,0,0,0,0,0,0,0,2,399,76,12,80,327,3,42,357,390,1
792,0,0,0,0,0,0,0,0,0,0,0,0,0,0,0,0,0,0,0,0,0,0,0,0,0,0,0,0,16,9,1
793,0,0,0,0,0,0,0,0,0,0,0,0,0,0,2,100,7,30,14,6,1704,44,184,3,64,15,112,14,10,123,1
794,0,0,0,0,0,0,0,0,0,0,0,0,0,0,0,0,0,0,1,253,758,17,131,4,1,1705,1706,20,4,81,0
795,0,0,0,0,0,0,0,0,0,0,0,0,0,0,0,0,0,0,0,0,0,0,0,0,0,0,1707,11,1,1708,1
796,0,0,0,0,0,0,0,0,0,0,0,0,0,0,0,0,0,0,0,0,0,0,0,0,0,0,1709,719,529,529,1
797,0,0,0,6,21,25,356,2,100,7,56,2,100,6,1710,44,221,1711,20,777,405,3,164,18,1,158,244,156,145,50,1
798,0,0,0,0,0,0,0,0,0,0,0,0,0,0,0,0,0,0,0,0,0,0,0,0,0,0,741,223,1,486,0
799,0,0,0,0,0,0,0,0,0,0,2,198,1712,260,243,29,1713,18,1,1714,222,308,3,2,17,120,750,4,510,16,0
800,0,0,0,0,0,0,0,0,0,0,0,0,0,0,0,0,0,0,0,0,0,0,0,0,0,0,0,21,28,131,1
801,0,0,0,0,0,0,0,0,0,0,0,0,0,0,0,0,0,0,0,0,0,0,11,1,57,7,17,6,16,387,1
802,0,0,0,0,0,0,0,0,0,0,0,0,0,0,0,0,0,0,0,0,0,0,0,0,0,0,0,16,57,74,1
803,0,0,0,0,0,0,0,0,0,0,0,0,0,0,0,0,0,0,0,0,0,49,116,5,6,1715,4,5,225,228,0
804,0,0,0,0,0,0,0,0,0,0,0,0,0,0,0,0,0,0,0,0,1716,32,1717,18,429,364,3,2,79,4,1
805,0,0,0,0,0,0,0,0,0,0,0,0,0,0,0,0,0,0,0,0,0,0,0,0,0,0,0,61,13,43,0
806,0,0,0,0,0,0,0,0,0,63,102,2,475,2,17,1718,6,21,387,63,1719,1720,2,494,4,162,10,9,1721,265,0
807,0,0,0,0,0,0,0,0,0,0,0,0,0,0,0,0,0,0,0,0,0,0,0,1,115,523,7,27,5,53,1
808,0,0,0,0,0,0,0,0,0,0,0,0,0,0,0,0,0,0,0,0,0,0,0,0,76,1722,59,8,7,376,1
809,0,0,0,0,0,0,0,0,2,22,6,193,380,9,3,104,43,39,778,21,115,3,301,20,1723,701,779,408,12,1724,1
810,0,0,0,0,0,0,0,0,0,0,0,0,0,0,0,0,0,0,0,0,0,0,0,1725,463,2,26,8,304,4,0
811,0,0,0,0,0,0,0,0,0,0,0,0,0,0,0,0,0,0,0,0,0,0,0,311,4,28,76,4,5,99,1
812,0,0,0,0,0,0,0,0,0,0,0,0,0,0,0,0,0,0,0,0,0,0,0,0,0,30,1726,5,232,142,1
813,0,0,0,0,0,0,0,0,0,0,0,0,0,0,0,0,0,0,0,0,0,0,1,200,732,152,10,239,15,39,1
814,0,0,0,0,0,0,0,0,0,0,0,0,0,0,0,0,0,0,0,0,0,0,0,0,0,0,30,41,58,147,0
815,0,0,0,0,0,0,0,0,0,0,0,0,0,0,0,0,2,1727,1728,3,116,5,58,306,11,4,113,5,62,312,0
816,0,0,0,0,0,0,0,0,0,0,0,0,0,0,0,0,0,0,0,0,0,0,0,0,0,24,5,685,31,717,1
817,0,0,0,0,0,0,0,0,0,0,0,0,0,0,0,0,0,0,0,0,0,0,222,6,251,69,158,193,157,515,1
818,0,0,0,0,0,0,0,0,0,0,0,0,0,0,0,0,0,0,0,0,0,0,0,0,0,0,107,86,1,290,0
819,0,0,0,0,0,0,0,0,0,0,0,0,0,0,0,0,0,0,0,0,0,0,0,0,0,0,2,42,60,4,1
820,0,0,0,0,0,0,0,0,0,0,0,0,0,0,0,0,0,0,0,0,0,0,439,18,1729,44,128,143,3,143,1
821,0,0,0,0,0,0,0,20,204,401,11,6,9,1,148,5,15,71,307,177,1730,8,586,14,3,764,5,332,31,39,1
822,0,0,0,0,0,0,0,0,0,0,0,0,0,0,0,0,0,0,2,22,111,15,388,14,7,125,9,44,402,38,1
823,0,0,0,0,0,0,0,0,0,0,0,0,0,104,319,453,90,3,90,7,5,10,759,38,3,52,26,734,1731,74,1
824,0,0,0,0,0,0,0,0,0,0,0,0,0,0,0,0,0,0,0,0,0,0,0,0,0,1732,8,37,3,374,0
825,0,0,0,0,0,0,0,0,0,0,0,0,0,0,0,0,0,0,0,0,0,0,0,1,285,54,17,73,15,742,1
826,0,0,0,0,0,0,0,0,0,0,0,0,0,0,0,0,0,0,0,0,0,0,0,13,31,21,31,2,26,1733,0
827,0,0,0,0,0,0,0,0,0,0,0,0,0,0,0,0,0,0,0,0,0,0,0,0,0,0,0,0,21,48,1
828,0,0,0,0,0,0,0,0,0,0,0,0,0,0,0,0,0,0,0,0,0,0,0,0,0,0,0,0,107,43,0
829,0,0,0,0,0,0,0,0,0,0,0,0,0,0,0,0,0,0,0,0,0,0,0,0,0,0,0,62,21,24,1
830,0,0,0,0,0,0,0,0,0,0,0,0,0,0,0,0,0,0,0,0,0,0,0,0,0,395,4,108,13,43,0
831,0,0,0,0,0,0,0,0,0,0,0,0,0,0,0,0,0,0,0,0,0,0,36,269,196,247,118,174,12,37,0
832,0,0,0,0,0,0,0,0,0,0,0,0,0,0,0,0,0,0,0,0,0,0,0,0,0,0,0,46,88,4,0
833,0,0,0,0,0,0,0,0,0,0,0,0,0,0,0,0,0,0,0,0,10,1734,41,1,1735,3,1,30,5,695,0
834,0,0,0,0,0,0,0,0,0,0,0,0,0,0,0,209,1,40,1736,745,121,329,3,56,72,38,279,2,471,38,0
835,0,0,0,0,0,0,1,132,522,1,9,389,18,3,121,63,114,1,180,504,249,3,1,127,12,36,4,1737,679,1738,0
836,0,0,0,0,0,0,0,0,0,0,0,0,0,0,0,0,0,0,0,0,0,0,0,0,0,0,0,206,206,775,0
837,0,0,0,0,0,0,0,0,0,0,0,0,0,0,0,0,0,0,0,0,0,0,0,0,2,46,47,7,231,373,0
838,0,0,0,0,0,0,0,0,0,1739,11,1,1740,1741,5,493,3,1,780,3,244,1742,34,13,297,2,283,128,8,1743,0
839,0,0,0,0,0,0,0,0,0,0,0,0,0,0,2,22,100,7,231,125,9,6,124,291,382,3,4,17,6,1744,0
840,0,0,0,0,0,0,0,0,0,0,0,0,0,4,42,235,74,142,8,1745,172,122,10,182,67,479,41,111,14,184,0
841,0,0,0,0,0,0,0,0,0,0,0,0,0,0,0,0,0,0,0,0,1,72,15,312,134,17,116,17,58,1746,0
842,0,0,0,0,0,0,0,0,0,0,0,0,0,0,0,0,0,0,0,0,0,0,169,10,93,114,13,766,7,1747,0
843,0,0,0,0,0,0,0,24,5,228,220,4,61,13,22,133,270,781,8,130,1,76,1748,2,17,1749,8,37,4,14,0
844,0,0,0,0,0,0,0,0,0,0,0,0,0,0,0,0,0,0,0,0,0,0,0,32,13,98,4,782,4,5,0
845,0,0,0,0,0,0,0,0,0,0,0,0,0,0,0,0,0,0,0,0,0,0,0,0,0,257,392,44,1,508,0
846,0,0,0,0,0,0,0,0,0,0,0,0,0,0,0,0,0,0,0,0,0,0,0,0,0,0,0,109,3,1750,0
847,0,0,0,0,0,0,0,0,0,0,0,0,0,0,0,0,0,0,0,0,0,0,0,0,0,15,374,67,44,394,0
848,0,0,0,0,0,0,0,0,0,0,0,0,0,0,0,0,0,0,0,0,0,0,0,0,13,21,133,11,1,57,0
849,0,0,0,0,0,0,0,0,0,0,0,0,0,0,0,0,0,0,0,0,0,2,100,118,12,128,3,672,114,130,0
850,0,0,0,0,0,0,0,0,0,0,0,0,0,0,0,0,0,0,0,0,0,0,0,0,0,0,4,166,15,71,1
851,0,0,0,0,0,0,0,0,0,0,0,0,0,0,0,0,0,0,7,5,91,53,362,318,69,744,14,45,157,1751,1
852,0,0,0,0,0,0,0,0,0,0,0,0,0,0,0,0,2,22,1752,316,748,330,29,2,1753,26,77,144,14,4,1
853,0,0,0,0,0,0,0,0,0,0,0,0,0,0,0,0,0,0,80,1754,569,59,1,303,199,1755,730,1,40,535,0
854,0,0,0,0,0,0,0,0,0,0,0,0,0,0,0,0,0,0,0,0,0,0,0,0,0,0,99,19,10,771,1
855,0,0,0,0,0,0,0,0,0,0,0,0,0,0,0,0,0,0,0,0,0,0,0,0,0,0,75,61,13,43,0
856,0,0,0,0,0,0,0,0,0,0,0,0,0,0,0,0,0,0,0,0,0,0,0,0,0,0,0,0,110,1756,0
857,0,0,0,0,0,0,0,0,0,0,0,0,0,0,0,0,0,0,0,0,0,0,0,0,0,0,0,0,4,28,1
858,0,0,0,0,0,0,0,0,0,0,0,0,49,2,235,6,241,1,30,459,6,753,3,678,1757,1758,50,293,32,1759,0
859,0,0,0,0,0,0,0,0,0,0,0,0,0,0,0,0,0,0,0,0,0,0,0,0,169,24,3,117,12,85,0
860,0,0,0,0,0,0,0,0,0,0,0,0,0,0,0,0,0,0,0,0,0,0,0,0,0,186,54,378,44,23,0
861,0,0,0,0,0,0,0,0,0,0,0,0,0,0,0,0,0,0,0,0,0,0,0,4,17,6,117,12,10,85,0
862,0,0,0,0,0,0,0,0,0,0,0,0,0,0,0,0,0,0,0,0,0,0,33,129,4,41,81,47,6,295,1
863,0,0,0,0,0,0,0,0,0,0,0,0,0,0,0,0,2,22,72,26,4,11,6,124,291,29,33,129,33,21,1
864,0,0,29,19,77,48,1,66,300,5,23,87,757,80,286,8,45,783,151,1760,65,95,780,286,44,45,783,8,1,9,1
865,0,0,0,0,0,0,0,0,0,0,0,0,0,0,0,0,0,0,0,0,0,0,0,0,0,0,42,60,7,89,1
866,0,0,0,0,0,0,0,0,0,0,0,0,0,0,0,0,0,32,111,10,431,27,11,1761,35,21,141,21,517,1762,1
867,0,0,0,0,0,0,0,0,0,0,0,0,0,0,0,0,0,0,0,0,0,0,0,71,48,280,21,19,45,305,1
868,0,0,0,0,0,0,0,0,0,0,0,0,0,0,0,0,0,0,0,0,0,0,0,0,0,1,89,248,17,1763,0
869,0,0,0,0,0,0,0,0,0,0,0,0,0,0,0,0,75,62,21,33,129,485,1,66,452,27,2,22,92,26,1
870,0,0,0,0,0,0,0,0,0,0,0,0,0,0,0,0,0,0,0,0,0,0,0,0,0,0,0,0,28,131,1
871,0,0,0,0,0,0,0,0,0,0,0,0,0,0,0,0,0,0,2,248,10,27,19,21,54,3,17,112,14,4,1
872,0,0,0,0,0,0,0,0,0,0,0,2,17,15,289,8,1764,20,2,106,398,10,39,1765,1766,519,11,10,618,495,1
873,0,0,0,0,0,0,0,0,0,0,0,0,0,0,0,0,0,0,0,0,0,10,1767,41,38,73,3,341,583,4,1
874,0,0,0,0,0,0,0,0,0,0,0,0,0,0,0,0,0,0,0,0,0,0,0,0,0,0,0,0,21,25,1
875,0,0,0,0,0,0,0,0,0,0,0,0,0,0,0,0,0,0,0,7,5,185,129,1,127,123,52,119,18,184,0
876,0,0,0,0,0,0,0,0,0,0,0,0,0,0,0,0,0,0,0,0,0,0,0,0,0,0,0,53,1768,27,1
877,0,0,0,0,0,0,0,0,0,0,0,0,0,0,0,0,0,0,0,0,0,0,0,0,0,0,0,0,0,53,1
878,0,0,0,0,0,0,0,0,0,0,0,0,0,0,0,0,0,0,0,61,13,43,11,728,8,587,14,1,536,1769,0
879,0,0,0,0,0,0,0,0,0,0,0,0,0,0,0,4,347,225,659,224,739,18,8,10,313,3,1770,1,533,784,1
880,0,0,0,0,0,0,0,0,0,0,0,0,0,0,0,0,0,0,0,0,0,0,1,1771,1772,421,181,1773,44,525,0
881,0,0,0,0,0,0,0,0,0,0,0,0,0,0,0,0,0,0,0,0,0,0,0,0,0,0,315,430,14,141,0
882,0,0,0,0,0,0,0,0,0,0,0,0,0,0,0,0,0,0,1,72,21,134,17,20,4,161,361,18,201,239,1
883,0,0,0,0,0,0,0,0,0,0,0,0,0,0,0,0,0,0,0,0,0,0,0,0,0,0,694,86,13,88,0
884,0,0,0,0,0,0,0,0,0,0,0,0,0,2,82,532,7,14,10,533,3,2,106,13,55,497,14,4,33,129,1
885,0,0,0,0,0,0,0,0,0,0,0,0,0,0,0,0,69,4,1774,1,30,328,5,1775,3,1,135,5,512,121,0
886,0,0,0,0,0,0,0,0,0,0,0,0,0,0,0,0,2,216,242,1,336,237,168,1,1776,12,10,40,1777,1778,0
887,0,0,0,0,0,0,0,0,0,0,0,0,0,0,0,0,0,0,0,0,0,0,0,0,0,0,0,66,27,92,1
888,0,0,0,0,0,0,0,0,0,0,0,0,0,0,0,0,0,0,0,0,46,1779,192,549,3,46,283,77,271,351,0
889,0,0,0,0,0,0,4,17,20,1780,8,212,20,1,377,426,1781,6,1782,328,8,10,125,3,14,58,410,612,785,37,1
890,0,0,0,0,0,0,0,0,0,0,0,0,0,0,0,1,524,5,12,183,25,33,31,786,1,639,761,35,15,181,0
891,0,0,0,0,0,0,0,0,0,0,0,0,0,0,0,0,0,0,0,0,0,161,361,261,14,269,773,12,456,631,1
892,0,0,0,0,0,0,0,0,0,0,0,0,0,0,0,0,0,0,0,0,0,0,0,0,0,53,24,11,1,57,1
893,0,0,0,0,0,0,0,0,0,0,0,0,0,0,0,0,0,0,0,0,0,0,0,0,0,0,0,0,122,115,0
894,0,0,0,0,0,0,0,0,0,0,0,0,0,0,0,0,0,0,0,0,0,0,7,24,5,15,287,25,762,317,0
895,0,0,0,0,0,0,0,0,0,0,0,0,0,0,0,0,0,0,0,0,0,0,0,4,17,232,99,19,1,40,1
896,0,0,0,0,0,0,0,0,0,0,0,0,0,0,0,0,0,0,0,0,0,0,0,0,0,0,0,0,16,9,1
897,0,0,0,0,0,0,0,0,0,0,0,0,0,0,0,0,0,0,0,0,0,0,0,0,46,88,7,24,4,787,0
898,0,0,0,0,0,0,0,0,0,0,0,0,0,0,0,0,0,0,0,0,0,0,0,0,176,94,7,24,5,1783,0
899,0,0,0,0,0,1,532,12,1,118,1784,17,33,105,4,736,729,6,310,298,258,2,267,786,132,14,1,202,671,306,1
900,0,0,0,0,0,0,0,0,0,0,0,0,7,17,1785,1786,63,102,113,662,50,8,788,6,310,12,15,15,303,409,0
901,0,0,0,0,0,0,0,0,0,0,0,0,0,0,0,0,0,0,0,0,0,0,0,0,0,0,0,169,9,1787,0
902,0,0,0,0,0,0,0,0,0,0,0,0,0,0,0,0,0,0,0,0,0,0,0,1,1788,3,194,34,754,252,1
903,0,0,0,0,0,0,0,0,0,0,0,0,0,0,0,0,2,79,204,366,8,37,38,27,11,224,185,1789,3,125,1
904,0,0,0,0,0,0,0,0,0,0,0,0,0,0,0,0,144,5,20,1,40,1790,34,119,12,379,1791,3,537,329,0
905,0,0,0,0,0,0,0,0,0,0,0,0,0,0,0,0,0,0,13,642,31,21,234,31,1,184,241,155,4,203,0
906,0,0,0,0,0,0,0,29,534,80,124,1792,7,48,5,12,1793,25,3,39,371,1,656,585,12,1794,91,1795,1796,24,1
907,0,0,0,0,0,0,0,0,0,0,0,0,0,0,0,0,0,0,0,0,0,0,0,0,0,0,172,687,5,20,0
908,0,0,0,0,0,0,0,0,0,2,87,145,126,64,670,19,1,93,3,651,46,95,22,8,255,4,18,32,1797,1798,1
909,0,0,0,0,0,0,0,0,0,0,0,0,0,0,0,0,0,0,0,0,0,376,684,282,3,150,584,51,1,1799,1
910,0,0,0,0,0,0,0,0,0,0,0,0,0,0,0,0,0,0,0,0,0,0,0,0,0,0,0,21,1800,326,1
911,0,0,0,0,0,0,0,0,0,0,0,0,0,0,0,0,0,0,33,2,100,94,470,12,80,3,1801,1802,12,85,1
912,0,0,0,0,0,0,0,0,0,0,0,0,0,0,0,4,323,1803,70,3,155,6,538,538,538,35,97,782,251,457,0
913,0,0,0,0,0,0,0,0,0,0,0,0,0,0,0,0,0,0,0,0,0,0,0,0,0,0,156,700,4,70,0
914,0,0,0,0,0,0,10,9,777,789,13,16,789,29,10,633,9,17,454,1804,1805,341,156,709,6,1806,204,401,18,4,0
915,0,0,0,0,0,0,0,0,0,0,33,2,26,8,235,1,30,70,12,1,9,255,4,36,205,778,3,97,1807,4,0
916,0,0,0,0,0,126,2,1808,8,1809,1,1810,755,205,19,338,1,1811,101,41,133,1812,20,4,114,537,18,1,774,522,0
917,0,0,0,0,0,0,0,0,0,0,0,0,0,0,0,0,0,0,0,0,0,0,0,0,0,1813,1814,5,1815,1816,1
918,0,0,0,0,0,0,0,0,0,0,0,0,0,0,0,0,0,0,0,0,0,0,0,0,0,0,0,28,11,50,1
919,0,0,0,0,0,0,0,0,0,0,0,0,0,0,0,0,0,0,0,0,0,0,0,0,0,1817,1818,136,12,207,0
920,0,0,0,0,0,0,0,0,0,0,0,0,0,0,0,0,0,0,0,0,0,0,0,150,90,51,1,322,320,327,1
921,0,0,0,0,0,0,0,0,0,0,0,0,0,0,0,0,0,0,0,0,0,0,0,0,4,73,26,6,78,144,0
922,0,0,0,0,0,0,0,0,0,0,0,0,0,0,0,0,0,0,0,0,0,0,0,0,0,0,0,112,33,129,1
923,0,0,0,0,0,0,0,0,0,0,0,0,0,0,0,0,0,0,0,0,0,0,0,0,0,0,0,0,177,9,1
924,0,0,0,0,0,0,0,0,0,0,0,0,0,0,0,0,0,0,0,0,0,0,0,0,0,0,0,0,28,21,1
925,0,0,0,0,0,0,0,0,0,0,0,0,0,0,0,0,0,0,0,160,502,137,1,202,25,12,6,103,27,140,1
926,0,0,0,0,0,0,0,0,0,0,0,0,0,4,1819,328,8,1,9,95,69,4,5,247,6,310,779,442,1,118,0
927,0,0,0,0,0,0,0,0,0,0,0,0,0,0,0,0,0,0,0,0,0,29,4,5,16,2,42,62,60,4,1
928,0,0,0,0,0,0,0,0,0,0,0,0,0,0,0,0,155,4,384,8,319,59,14,10,103,69,64,13,703,4,0
929,0,0,0,0,0,0,0,0,0,0,0,0,0,0,0,0,0,0,0,0,0,0,0,0,0,31,2,401,1820,228,0
930,0,0,0,0,0,0,0,0,0,0,0,0,0,0,0,0,0,0,0,0,0,0,0,0,0,0,0,191,137,4,0
931,0,0,0,0,0,0,0,0,0,0,0,0,0,0,0,0,0,7,414,12,245,5,1,127,20,2,22,92,26,1821,0
932,0,0,0,0,0,0,0,0,0,0,0,0,0,0,0,0,0,0,0,0,0,0,223,1,486,96,12,6,379,1822,0
933,0,0,0,0,0,0,0,0,0,0,0,0,0,0,0,0,0,0,0,0,0,0,61,13,130,1,536,689,1823,9,0
934,0,0,0,0,0,0,0,0,0,0,0,0,0,23,68,404,298,33,20,23,87,1824,70,1,167,3,13,68,772,121,1
935,0,0,0,0,209,56,94,6,230,1,1825,267,8,68,1826,3,1827,3,1828,10,180,214,249,3,2,156,1829,3,338,132,0
936,0,0,0,0,0,0,0,0,2,345,721,1,259,18,1,1830,3,2,26,8,554,1,9,70,8,275,4,18,91,121,0
937,0,0,0,0,0,0,0,0,0,0,0,0,0,0,0,0,0,0,1,27,1831,10,1832,33,2,82,112,14,10,123,1
938,0,0,0,0,0,0,0,0,0,0,0,0,0,0,0,0,0,0,0,0,0,0,0,0,607,103,27,5,6,470,1
939,0,0,0,0,0,0,0,0,0,0,0,0,0,0,0,0,2,47,1,1833,20,4,1834,1835,1836,45,40,391,51,784,1
940,0,0,0,0,0,0,0,0,0,0,0,0,0,0,6,179,12,1837,22,111,1838,7,6,15,21,9,3,33,86,2,1
941,0,0,0,0,0,0,0,0,0,0,0,0,0,0,2,22,198,80,1839,14,10,513,3,10,674,3,4,28,75,131,1
942,0,0,0,0,0,0,0,0,0,0,0,0,0,0,0,0,0,0,1,331,116,5,6,737,3,1,141,5,232,183,0
943,0,0,0,0,0,0,0,0,0,0,0,0,0,0,0,0,0,0,0,0,0,0,0,0,0,0,0,64,705,128,0
944,0,0,0,0,0,0,0,0,0,0,0,0,0,0,0,2,61,13,626,6,328,14,1,513,126,4,5,18,10,1840,0
945,0,0,0,0,0,0,0,0,0,4,5,105,8,275,18,3,121,69,23,34,19,1,93,3,1,141,1841,34,232,1842,1
946,0,0,0,0,0,0,0,0,0,0,2,22,26,1843,11,94,6,230,3,7,1844,2,100,227,11,1,1845,12,1,375,1
947,0,0,0,0,0,0,0,0,0,0,0,0,0,0,0,0,0,0,0,0,0,0,1846,105,8,697,3,37,149,35,1
948,0,0,0,0,0,0,0,0,0,0,0,0,0,0,0,0,0,0,0,0,0,0,0,0,0,0,0,0,71,359,1
949,0,0,0,0,0,0,0,0,0,0,0,0,0,0,0,0,0,0,0,0,0,0,0,2,26,8,123,6,278,48,0
950,0,0,0,0,0,0,0,0,0,0,0,0,0,0,0,0,0,0,0,0,0,0,0,0,4,5,6,1847,8,37,1
951,0,0,0,0,0,0,0,0,0,0,0,0,0,0,0,0,0,0,0,0,0,0,0,0,15,150,165,14,7,229,0
952,0,0,0,0,0,0,0,0,0,0,0,0,0,0,0,0,0,0,0,0,0,0,0,0,0,0,15,1848,14,20,1
953,0,0,0,0,0,0,0,0,0,0,0,0,0,0,0,0,0,0,0,0,0,0,0,0,0,4,216,130,11,50,0
954,0,0,0,0,0,0,0,0,0,0,7,5,1,9,8,68,11,1849,2,75,100,10,1850,3,36,2,87,212,5,790,1
955,0,0,0,0,0,0,0,0,0,0,0,0,0,0,0,0,0,0,0,0,0,0,0,0,0,0,194,34,74,201,0
956,0,0,0,0,0,0,0,0,0,0,0,0,0,0,0,0,0,0,0,0,75,702,18,1,1851,696,155,23,212,790,1
957,0,0,0,0,0,0,0,0,0,0,0,0,0,0,0,0,0,0,0,0,0,0,0,0,0,0,79,4,16,1852,1
958,0,0,0,0,0,0,0,0,0,0,2,62,47,7,24,168,1,160,96,4,5,1853,1854,18,1,40,136,3,1,331,1
959,0,0,0,0,0,0,0,0,0,0,0,0,0,0,0,0,0,209,1,1855,34,33,531,20,2,574,1856,1,716,194,0
960,0,0,0,0,0,0,0,0,0,0,0,0,0,0,0,2,715,1,482,1857,1858,11,7,3,64,175,112,14,20,440,1
961,0,0,0,0,0,0,0,0,0,0,0,0,0,0,0,0,0,0,0,0,2,17,15,170,14,1,57,12,1,327,1
962,0,0,0,0,0,0,0,0,0,0,0,0,0,0,0,0,0,0,0,0,0,0,73,155,4,384,8,272,18,8,1
963,0,0,0,0,0,2,37,7,24,19,6,1859,1860,1861,297,116,5,6,179,12,287,1862,1863,44,1,1864,3,4,28,16,1
964,0,0,0,0,0,0,0,0,0,0,0,0,0,0,0,0,0,0,0,0,0,0,0,0,0,0,0,32,175,105,1
965,0,0,0,0,0,0,0,0,0,0,0,0,0,0,0,0,0,0,0,0,0,0,0,2,325,146,132,63,1865,1866,0
966,0,0,0,0,0,0,0,0,0,0,0,0,0,209,10,1867,17,1868,20,227,54,1,9,107,1869,59,47,785,9,61,0
967,0,0,0,0,0,0,0,0,0,0,0,0,0,0,0,0,0,0,0,0,0,0,0,0,0,0,0,433,1870,411,1
968,0,0,0,0,0,0,0,0,0,0,0,0,0,0,0,7,229,130,50,6,1871,1872,3,120,13,518,50,10,521,205,0
969,0,0,0,0,0,0,0,0,0,0,0,0,0,0,0,0,0,0,0,0,0,0,64,500,8,304,4,11,6,521,0
970,0,0,0,0,0,0,0,0,0,0,0,0,0,0,0,0,0,2,494,4,19,72,8,246,70,13,6,1873,134,81,0
971,0,0,0,0,0,0,0,0,0,0,0,0,0,0,0,0,0,0,0,0,0,0,0,0,0,0,0,0,53,24,1
972,0,0,0,0,0,0,0,0,0,0,0,0,0,0,0,0,0,0,0,0,0,0,0,0,0,0,456,136,690,329,0
973,0,0,0,0,0,0,0,0,0,0,0,0,0,0,0,0,0,0,0,0,0,0,0,0,0,0,0,0,1874,24,0
974,0,0,0,0,0,0,0,0,0,0,0,0,7,9,756,15,322,8,86,176,29,787,63,32,15,713,8,55,6,9,0
975,0,0,0,0,0,0,0,0,0,0,0,0,0,0,0,0,0,0,4,5,1,66,83,2,22,1875,18,1,483,415,1
976,0,0,0,0,0,0,0,0,0,0,0,0,0,0,0,0,0,0,0,0,0,0,0,0,0,0,0,0,1876,9,1
977,0,0,0,0,0,0,0,0,0,0,0,0,0,0,0,0,0,0,0,0,0,0,0,691,1,83,347,8,43,131,1
978,0,0,0,0,0,4,161,33,1877,20,1,40,1878,61,13,95,240,8,55,109,3,1,35,5,90,1879,523,45,40,1880,1
979,0,0,0,0,0,0,0,0,0,0,0,0,0,0,0,0,0,0,0,0,0,0,0,0,0,0,0,13,133,141,0
980,0,0,0,0,0,0,0,0,0,0,0,0,0,0,0,0,0,0,0,0,0,0,0,0,0,0,0,749,1881,1882,0
981,0,0,0,0,0,0,0,0,0,0,0,0,0,0,0,23,106,72,235,76,1883,63,6,54,3,1,25,17,15,110,0
982,0,0,0,0,0,0,0,0,0,0,0,0,0,0,0,0,0,0,0,0,0,0,0,0,0,0,46,117,45,85,0
983,0,0,0,0,0,0,0,0,0,0,0,0,0,0,0,0,2,82,237,8,22,8,55,1,102,8,1884,720,7,24,0
984,0,0,0,0,0,0,0,0,0,0,0,0,0,0,0,0,0,0,0,0,0,0,0,1885,61,13,1886,133,270,781,0
985,0,0,0,0,0,0,0,0,0,0,0,0,0,116,17,33,150,1887,168,7,9,20,2,1888,4,17,1,66,10,370,0
986,0,0,0,0,0,0,0,0,0,0,0,0,0,0,0,23,73,325,235,286,14,4,19,1,48,96,1,1889,5,1890,0
987,0,0,0,0,0,0,0,0,0,0,0,0,0,0,0,0,0,0,0,0,0,0,0,0,0,0,9,1891,70,329,0
988,0,0,0,0,0,0,0,0,0,0,0,0,0,0,0,0,0,0,0,4,216,43,164,87,13,145,50,69,2,188,0
989,0,0,0,0,0,0,0,0,0,0,0,0,0,0,0,0,0,0,0,0,0,1,1892,1893,306,5,62,1894,8,37,0
990,0,0,0,0,0,0,0,0,0,0,0,0,0,0,0,0,0,64,62,165,36,2,22,101,5,6,83,20,107,43,0
991,0,0,0,0,0,0,0,0,0,0,0,0,0,0,0,0,0,0,0,0,0,0,0,0,0,0,1895,18,1,40,0
992,0,0,0,0,0,0,0,0,0,0,0,0,0,0,0,0,0,0,0,0,0,0,0,1896,38,402,3,97,1897,59,0
993,0,0,0,0,0,0,0,0,0,0,0,0,0,0,0,0,0,0,0,0,0,0,0,0,0,0,0,0,0,165,0
994,0,0,0,0,0,0,0,0,0,0,0,0,0,0,0,0,0,0,0,0,0,0,0,0,0,0,294,12,1898,250,0
995,0,0,0,0,0,0,0,0,0,0,0,0,0,0,0,0,0,1,180,61,68,1899,329,96,4,1900,45,40,3,385,0
996,0,0,0,0,0,0,0,0,0,0,0,0,0,0,0,0,0,0,98,6,136,12,207,2,788,84,132,18,7,9,0
997,0,0,0,0,0,0,0,0,0,0,0,0,0,0,0,0,0,0,0,0,0,0,0,0,0,89,61,13,441,241,0
998,0,0,0,0,0,0,0,0,0,0,0,0,0,0,0,0,0,0,1,72,134,20,1901,50,5,1,1902,747,1903,1904,0
999,0,0,0,0,0,0,0,0,0,0,0,0,0,0,0,0,0,0,0,23,87,13,1905,132,14,1,208,191,81,469,0
